model,replica,round,status,predicted_branch,generated_tokens,ended_with_eos,hit_token_limit,image_read_sec,preprocess_sec,transfer_sec,generate_only_latency_sec,decode_sec,end_to_end_latency_sec
3b,3b_replica_1,1,ok,hazard,53,True,False,0.060169840697199106,0.06392137613147497,0.0242558098398149,1.5915752430446446,0.00014904001727700233,1.7400713097304106
3b,3b_replica_1,1,ok,hazard,36,True,False,0.060130862053483725,0.05436955112963915,0.007615237962454557,1.289415568113327,0.00013860873878002167,1.4116698279976845
3b,3b_replica_1,1,ok,safe,4,True,False,0.0597642227075994,0.04470447916537523,0.007583200000226498,0.7730484390631318,0.00011261971667408943,0.885212960653007
3b,3b_replica_1,1,ok,safe,4,True,False,0.06526741804555058,0.04183438094332814,0.007899302057921886,0.6697925799526274,0.0001110411249101162,0.7849047221243382
3b,3b_replica_1,1,ok,safe,4,True,False,0.06601832015439868,0.04223919892683625,0.008013737853616476,0.6708111893385649,0.00011493265628814697,0.7871973789297044
3b,3b_replica_1,1,ok,hazard,31,True,False,0.0553437783382833,0.04051751457154751,0.008073063101619482,1.1771463020704687,0.00015916023403406143,1.281239818315953
3b,3b_replica_1,1,ok,safe,4,True,False,0.0635094428434968,0.041171775199472904,0.007142737973481417,0.6694914349354804,0.00011076591908931732,0.7814261568710208
3b,3b_replica_1,1,ok,safe,4,True,False,0.06447388418018818,0.04884403897449374,0.007174510974436998,0.6694920212030411,0.0001230216585099697,0.79010747699067
3b,3b_replica_1,1,ok,safe,4,True,False,0.06463860115036368,0.040092330891638994,0.006956118158996105,0.66952851600945,0.00010546296834945679,0.7813210291787982
3b,3b_replica_1,1,ok,safe,4,True,False,0.0625571827404201,0.043333642184734344,0.0069067408330738544,0.6698728632181883,0.00010960176587104797,0.7827800307422876
3b,3b_replica_1,1,ok,safe,4,True,False,0.05505038006231189,0.04301248397678137,0.006911342032253742,0.6687949686311185,0.00010541314259171486,0.7738745878450572
3b,3b_replica_1,1,ok,safe,4,True,False,0.05963239585980773,0.04237119201570749,0.007036078255623579,0.6704494617879391,0.00011289212852716446,0.779602020047605
3b,3b_replica_1,1,ok,hazard,41,True,False,0.06591394823044538,0.04202556982636452,0.007863684091717005,1.3665494420565665,0.0003724549897015095,1.482725099194795
3b,3b_replica_1,1,ok,safe,4,True,False,0.06315602082759142,0.04136075498536229,0.006886021234095097,0.6706292377784848,0.00011511007323861122,0.7821471448987722
3b,3b_replica_1,1,ok,safe,4,True,False,0.059409615118056536,0.040909563191235065,0.007291504647582769,0.6865126043558121,0.00012685777619481087,0.7942501450888813
3b,3b_replica_1,1,ok,safe,4,True,False,0.0593892359174788,0.04862380726262927,0.007055543828755617,0.6708609932102263,0.00011863699182868004,0.7860482172109187
3b,3b_replica_1,1,ok,safe,4,True,False,0.06601728778332472,0.041125847958028316,0.007050605025142431,0.6793220308609307,0.0001107221469283104,0.7936264937743545
3b,3b_replica_1,1,ok,hazard,41,True,False,0.05854908935725689,0.04728375794366002,0.006909076124429703,1.3653380977921188,0.00045352987945079803,1.4785335510969162
3b,3b_replica_1,1,ok,safe,4,True,False,0.06461306475102901,0.041623178869485855,0.006897865328937769,0.6733648828230798,0.00010955892503261566,0.7866085506975651
3b,3b_replica_1,1,ok,safe,4,True,False,0.06273682089522481,0.04203634895384312,0.006990187801420689,0.6721991202794015,0.00010767392814159393,0.7840701518580317
3b,3b_replica_1,1,ok,safe,4,True,False,0.06299179280176759,0.0403312724083662,0.006974970921874046,0.6761231790296733,0.00010640779510140419,0.7865276229567826
3b,3b_replica_1,1,ok,safe,4,True,False,0.06265601608902216,0.03983494779095054,0.006955320946872234,0.6747406083159149,0.0001117209903895855,0.7842986141331494
3b,3b_replica_1,1,ok,safe,4,True,False,0.0595955871976912,0.04111116612330079,0.006882356945425272,0.6737575987353921,0.00010906625539064407,0.7814557752572
3b,3b_replica_1,1,ok,hazard,38,True,False,0.06646236404776573,0.04776384495198727,0.007149506825953722,1.308413621969521,0.00032885419204831123,1.430118191987276
3b,3b_replica_1,1,ok,safe,4,True,False,0.05861465912312269,0.041394283063709736,0.007226710673421621,0.6813405421562493,0.00012715300545096397,0.7887033480219543
3b,3b_replica_1,1,ok,hazard,39,True,False,0.06242610514163971,0.041152501944452524,0.007136997766792774,1.342734491918236,0.0003174091689288616,1.4537675059400499
3b,3b_replica_1,1,ok,safe,4,True,False,0.06402069004252553,0.04763495223596692,0.007014150731265545,0.6722773970104754,0.00010612001642584801,0.7910533100366592
3b,3b_replica_1,1,ok,safe,4,True,False,0.06289633689448237,0.04360587988048792,0.006920697167515755,0.673915873747319,0.00011580530554056168,0.7874545929953456
3b,3b_replica_1,1,ok,safe,4,True,False,0.0550970071926713,0.043173904065042734,0.006897999905049801,0.6724710017442703,0.0001128222793340683,0.7777527351863682
3b,3b_replica_1,1,ok,hazard,33,True,False,0.05931922001764178,0.04470848385244608,0.00710488623008132,1.208537113852799,0.00013174908235669136,1.3198014530353248
3b,3b_replica_1,1,ok,safe,4,True,False,0.058467538096010685,0.04214527318254113,0.006970745977014303,0.6749417437240481,0.00011071003973484039,0.7826360110193491
3b,3b_replica_1,1,ok,safe,4,True,False,0.06210640398785472,0.041097823064774275,0.006968157831579447,0.7049920558929443,0.000146498903632164,0.8153109396807849
3b,3b_replica_1,1,ok,safe,4,True,False,0.0662952889688313,0.04069530125707388,0.007043355144560337,0.6832690667361021,0.00011677388101816177,0.7974197859875858
3b,3b_replica_1,1,ok,hazard,41,True,False,0.055436247028410435,0.04073361027985811,0.006958473939448595,1.3626296101137996,0.00038501201197504997,1.4661429533734918
3b,3b_replica_1,1,ok,hazard,41,True,False,0.06704094028100371,0.039969886653125286,0.006948754191398621,1.3639035532251,0.0003064158372581005,1.4781695501878858
3b,3b_replica_1,1,ok,safe,4,True,False,0.058537882287055254,0.04296880168840289,0.006967644207179546,0.6757936738431454,0.00010791420936584473,0.7843759162351489
3b,3b_replica_1,1,ok,safe,4,True,False,0.058901898097246885,0.04276606393978,0.006987192202359438,0.6768839037977159,0.00010986393317580223,0.785648921970278
3b,3b_replica_1,1,ok,hazard,44,True,False,0.06638366589322686,0.04286697693169117,0.007175518199801445,1.4278457132168114,0.00018049683421850204,1.5444523710757494
3b,3b_replica_1,1,ok,hazard,41,True,False,0.060196562204509974,0.041381850838661194,0.007177302148193121,1.3678165967576206,0.0004009814001619816,1.4769732933491468
3b,3b_replica_1,1,ok,safe,4,True,False,0.06497460789978504,0.04143145075067878,0.007060785312205553,0.6767956037074327,0.00011230632662773132,0.7903747539967299
3b,3b_replica_1,1,ok,hazard,33,True,False,0.05963427806273103,0.04117351910099387,0.006953340023756027,1.2087934031151235,0.00012712366878986359,1.3166816639713943
3b,3b_replica_1,1,ok,safe,4,True,False,0.0628021196462214,0.042015776969492435,0.006855661049485207,0.6787687363103032,0.00011098291724920273,0.7905532768927515
3b,3b_replica_1,1,ok,safe,4,True,False,0.06273789703845978,0.04153150413185358,0.006969672627747059,0.6761318081989884,0.0001149340532720089,0.7874858160503209
3b,3b_replica_1,1,ok,safe,4,True,False,0.05661153607070446,0.04209358198568225,0.007079486735165119,0.7864402239210904,0.00011174334213137627,0.8923365720547736
3b,3b_replica_1,1,ok,safe,4,True,False,0.061385178938508034,0.04297059774398804,0.006992354057729244,0.6781410188414156,0.00011033518239855766,0.7895994847640395
3b,3b_replica_1,1,ok,safe,4,True,False,0.0630079391412437,0.041785846929997206,0.007243829779326916,0.6791698802262545,0.00011143367737531662,0.7913189297541976
3b,3b_replica_1,1,ok,safe,4,True,False,0.06592917069792747,0.041684883181005716,0.007264847867190838,0.6812517154030502,0.00011437572538852692,0.7962449928745627
3b,3b_replica_1,1,ok,safe,4,True,False,0.06498396676033735,0.04384555388242006,0.007007514126598835,0.6803130800835788,0.00011582300066947937,0.7962659378536046
3b,3b_replica_1,1,ok,safe,4,True,False,0.06301484163850546,0.04035115800797939,0.006926602218300104,0.6862907381728292,0.00011283392086625099,0.7966961739584804
3b,3b_replica_1,1,ok,hazard,45,True,False,0.06066140020266175,0.04231797205284238,0.007159549742937088,1.4471394252032042,0.00045062508434057236,1.557728972285986
3b,3b_replica_1,1,ok,safe,4,True,False,0.062226129695773125,0.041893681045621634,0.0069966972805559635,0.6866478230804205,0.00012329081073403358,0.7978876219131052
3b,3b_replica_1,1,ok,safe,4,True,False,0.06341642467305064,0.041823684237897396,0.007009983994066715,0.6804959797300398,0.00012529408559203148,0.7928713667206466
3b,3b_replica_1,1,ok,safe,4,True,False,0.061493298038840294,0.04244453785941005,0.006992855109274387,0.680476653855294,0.00010408693924546242,0.7915114318020642
3b,3b_replica_1,1,ok,hazard,41,True,False,0.06976356403902173,0.04237581882625818,0.007042095065116882,1.4215454780496657,0.0003828420303761959,1.5411097980104387
3b,3b_replica_1,1,ok,hazard,53,True,False,0.061935237143188715,0.04294245410710573,0.007057487033307552,1.6047248118557036,0.00019893795251846313,1.716858928091824
3b,3b_replica_1,1,ok,hazard,36,True,False,0.06148930685594678,0.04424520116299391,0.00707654096186161,1.2827584771439433,0.0002919258549809456,1.3958614519797266
3b,3b_replica_1,1,ok,safe,4,True,False,0.06313868938013911,0.04320664703845978,0.007110254839062691,0.6831700787879527,0.00010538706555962563,0.7967310571111739
3b,3b_replica_1,1,ok,hazard,37,True,False,0.0646365168504417,0.053082340862601995,0.007285336032509804,1.309637710917741,0.00036982493475079536,1.4350117295980453
3b,3b_replica_1,1,ok,hazard,37,True,False,0.06084543000906706,0.04569312138482928,0.007013596594333649,1.3128882832825184,0.00015393970534205437,1.4265943709760904
3b,3b_replica_1,1,ok,safe,4,True,False,0.06666653417050838,0.044306831900030375,0.007037795148789883,0.6821630210615695,0.00011243671178817749,0.8002866189926863
3b,3b_replica_1,1,ok,safe,4,True,False,0.06902318727225065,0.043091073632240295,0.008224176242947578,0.6847327351570129,0.00011929497122764587,0.8051904672756791
3b,3b_replica_1,1,ok,safe,4,True,False,0.06016010092571378,0.044374840799719095,0.006952009163796902,0.6838326482102275,0.0001076539047062397,0.7954272530041635
3b,3b_replica_1,1,ok,safe,4,True,False,0.061945120338350534,0.04265781585127115,0.007344658020883799,0.6881853360682726,0.00010458286851644516,0.8002375131472945
3b,3b_replica_1,1,ok,hazard,54,True,False,0.05759737687185407,0.04339878913015127,0.007046304643154144,1.6339544779621065,0.0002541760914027691,1.7422511246986687
3b,3b_replica_1,1,ok,safe,4,True,False,0.06127567822113633,0.042508873622864485,0.006972762290388346,0.6826555021107197,0.00011463277041912079,0.793527449015528
3b,3b_replica_1,1,ok,safe,4,True,False,0.06481306813657284,0.04512646095827222,0.007042333949357271,0.6841515493579209,0.0001094168983399868,0.8012428293004632
3b,3b_replica_1,1,ok,hazard,37,True,False,0.05504797166213393,0.04335546726360917,0.007141229696571827,1.3074265220202506,0.0003564213402569294,1.4133276119828224
3b,3b_replica_1,1,ok,hazard,41,True,False,0.06541137583553791,0.042396971955895424,0.007202128879725933,1.3906796001829207,0.0003101159818470478,1.506000192835927
3b,3b_replica_1,1,ok,safe,4,True,False,0.05772644281387329,0.05713894125074148,0.0074151079170405865,0.6831910787150264,0.00011134427040815353,0.8055829149670899
3b,3b_replica_1,1,ok,safe,4,True,False,0.061172083020210266,0.04870000807568431,0.006997829768806696,0.6850013663060963,0.00012013362720608711,0.8019914207980037
3b,3b_replica_1,1,ok,safe,4,True,False,0.07032881304621696,0.042721846140921116,0.00707178795710206,0.6843489157035947,0.00012878701090812683,0.804600149858743
3b,3b_replica_1,1,ok,safe,4,True,False,0.06275957589969039,0.04274759301915765,0.007059689145535231,0.6859494270756841,0.00011008791625499725,0.7986263730563223
3b,3b_replica_1,1,ok,safe,4,True,False,0.06834744103252888,0.04297450929880142,0.007040956057608128,0.6834247587248683,0.00011030025780200958,0.8018979653716087
3b,3b_replica_1,1,ok,safe,4,True,False,0.0633542169816792,0.04149824706837535,0.007200534921139479,0.6829831027425826,0.00010804319754242897,0.795144144911319
3b,3b_replica_1,1,ok,hazard,37,True,False,0.06481008185073733,0.042599441949278116,0.007055696099996567,1.3103828490711749,0.0003620288334786892,1.4252100978046656
3b,3b_replica_1,1,ok,safe,4,True,False,0.06223528413102031,0.04227222874760628,0.006955388002097607,0.690227413084358,0.00012188311666250229,0.8018121970817447
3b,3b_replica_1,1,ok,safe,4,True,False,0.05950562097132206,0.043202067725360394,0.0070652891881763935,0.6824463759548962,0.00010311184450984001,0.7923224656842649
3b,3b_replica_1,1,ok,safe,4,True,False,0.060402673203498125,0.049790551885962486,0.007806872017681599,0.6840637498535216,0.00010807206854224205,0.802171919029206
3b,3b_replica_1,1,ok,safe,4,True,False,0.0613344619050622,0.04255549609661102,0.00711431261152029,0.685237746220082,0.00011161994189023972,0.7963536367751658
3b,3b_replica_1,1,ok,safe,4,True,False,0.059213769156485796,0.04231897182762623,0.007258987054228783,0.6841765218414366,0.00012029008939862251,0.793088539969176
3b,3b_replica_1,1,ok,hazard,45,True,False,0.06005316926166415,0.0420559449121356,0.007034880109131336,1.4534973949193954,0.00018666591495275497,1.5628280551172793
3b,3b_replica_1,1,ok,safe,4,True,False,0.06260165013372898,0.04209813103079796,0.006948214024305344,0.6859921398572624,0.00011463789269328117,0.7977547729387879
3b,3b_replica_1,1,ok,safe,4,True,False,0.06055065803229809,0.04207724891602993,0.007055654190480709,0.6862437329255044,0.00011174473911523819,0.7960390388034284
3b,3b_replica_1,1,ok,hazard,48,True,False,0.05976062687113881,0.04344718297943473,0.007063969969749451,1.514353116042912,0.0002399049699306488,1.6248648008331656
3b,3b_replica_1,1,ok,hazard,45,True,False,0.06555633759126067,0.0414188620634377,0.007236046250909567,1.457808912731707,0.0005147340707480907,1.5725348927080631
3b,3b_replica_1,1,ok,safe,4,True,False,0.06178189814090729,0.04150164872407913,0.0071019199676811695,0.6852246611379087,0.00011187419295310974,0.7957220021635294
3b,3b_replica_1,1,ok,hazard,45,True,False,0.06129471492022276,0.04077411210164428,0.007076202891767025,1.5507954671047628,0.0005617709830403328,1.6605022680014372
3b,3b_replica_1,1,ok,safe,4,True,False,0.05845593707635999,0.0417804941534996,0.007150571793317795,0.6831066641025245,0.00010869093239307404,0.790602358058095
3b,3b_replica_1,1,ok,hazard,55,True,False,0.05874361423775554,0.04451212286949158,0.007126478012651205,1.6379469218663871,0.00029248930513858795,1.748621626291424
3b,3b_replica_1,1,ok,hazard,36,True,False,0.0564528489485383,0.042102569714188576,0.007182482164353132,1.2828220510855317,0.00014405511319637299,1.388704007025808
3b,3b_replica_1,1,ok,safe,4,True,False,0.0525811817497015,0.04183057229965925,0.007005782797932625,0.6866979049518704,0.00010736705735325813,0.7882228088565171
3b,3b_replica_1,1,ok,safe,4,True,False,0.06243107980117202,0.042753697372972965,0.007086011581122875,0.6880925842560828,0.00010350579395890236,0.8004668788053095
3b,3b_replica_1,1,ok,hazard,48,True,False,0.06124876067042351,0.042336144018918276,0.0071765403263270855,1.5085205207578838,0.0005736202001571655,1.6198555859737098
3b,3b_replica_1,1,ok,safe,4,True,False,0.06496477127075195,0.04393718484789133,0.007093253079801798,0.6867101429961622,0.00011772103607654572,0.8028230732306838
3b,3b_replica_1,1,ok,safe,4,True,False,0.06416806811466813,0.0442701680585742,0.008445318788290024,0.6853211079724133,0.00010903086513280869,0.8023136937990785
3b,3b_replica_1,1,ok,safe,4,True,False,0.062444749753922224,0.04515440808609128,0.009926971979439259,0.6853180839680135,0.00010762689635157585,0.8029518406838179
3b,3b_replica_1,1,ok,safe,4,True,False,0.06552817719057202,0.04281637677922845,0.007002218160778284,0.6892790328711271,0.0001086709089577198,0.8047344759106636
3b,3b_replica_1,1,ok,safe,4,True,False,0.05489925481379032,0.0430758879519999,0.007023092359304428,0.6894189519807696,0.0001103370450437069,0.794527524150908
3b,3b_replica_1,1,ok,safe,4,True,False,0.06359186908230186,0.04409369407221675,0.007036879658699036,0.6863334411755204,0.0001141759566962719,0.8011700599454343
3b,3b_replica_1,1,ok,hazard,45,True,False,0.06267218897119164,0.0440424419939518,0.007012927904725075,1.4624906559474766,0.0001617572270333767,1.5763799720443785
3b,3b_replica_1,1,ok,hazard,45,True,False,0.05653528869152069,0.04491941723972559,0.007097644731402397,1.4510187269188464,0.0005235811695456505,1.5600946587510407
3b,3b_replica_1,1,ok,hazard,53,True,False,0.057847619988024235,0.04375844541937113,0.006991932634264231,1.6082444731146097,0.00026220083236694336,1.7171046719886363
3b,3b_replica_1,1,ok,hazard,35,True,False,0.06443224521353841,0.04394424706697464,0.00704408111050725,1.2810234799981117,0.00013510463759303093,1.396579158026725
3b,3b_replica_1,1,ok,hazard,36,True,False,0.0651086219586432,0.043797730933874846,0.00719064986333251,1.2847749623470008,0.00026086391881108284,1.4011328290216625
3b,3b_replica_1,1,ok,hazard,48,True,False,0.040965285152196884,0.04356114286929369,0.0070571512915194035,1.5077553419396281,0.00015213293954730034,1.5994910541921854
3b,3b_replica_1,1,ok,hazard,37,True,False,0.05576807074248791,0.04842465091496706,0.007832381408661604,1.3067595278844237,0.0002621687017381191,1.4190467996522784
3b,3b_replica_1,1,ok,hazard,43,True,False,0.0597894499078393,0.04331160010769963,0.008431909140199423,1.4102230216376483,0.0003368472680449486,1.5220928280614316
3b,3b_replica_1,1,ok,hazard,36,True,False,0.06233578501269221,0.041743535082787275,0.0071528139524161816,1.2913825460709631,0.00013854168355464935,1.4027532218024135
3b,3b_replica_1,1,ok,hazard,41,True,False,0.05931732011958957,0.04440000606700778,0.007076842710375786,1.3805359713733196,0.0003172098658978939,1.4916473501361907
3b,3b_replica_1,1,ok,hazard,52,True,False,0.0621220669709146,0.04388982895761728,0.00706883892416954,1.5750231849960983,0.0004585282877087593,1.6885624481365085
3b,3b_replica_1,1,ok,hazard,55,True,False,0.061686307191848755,0.055228063836693764,0.007022897247225046,1.634011589922011,0.00020030885934829712,1.7581491670571268
3b,3b_replica_1,1,ok,hazard,41,True,False,0.061305145267397165,0.04148566676303744,0.007051643915474415,1.3795990622602403,0.00014111073687672615,1.489582628943026
3b,3b_replica_1,1,ok,hazard,46,True,False,0.058238370809704065,0.04237741930410266,0.007107983808964491,1.476237976923585,0.00036785006523132324,1.5843296009115875
3b,3b_replica_1,1,ok,hazard,53,True,False,0.05901699513196945,0.04172915080562234,0.007147376891225576,1.5992718152701855,0.00016338657587766647,1.7073287246748805
3b,3b_replica_1,1,ok,hazard,39,True,False,0.06217860570177436,0.04389988211914897,0.007108433172106743,1.335270517040044,0.00014251098036766052,1.4485999490134418
3b,3b_replica_1,1,ok,hazard,40,True,False,0.05298286536708474,0.04356074705719948,0.007142893970012665,1.3786559966392815,0.0002092071808874607,1.4825517102144659
3b,3b_replica_1,1,ok,hazard,41,True,False,0.06866506906226277,0.042993423063308,0.007030974607914686,1.3897540313191712,0.00029056472703814507,1.5087340627796948
3b,3b_replica_1,1,ok,hazard,41,True,False,0.06319232517853379,0.04208034882321954,0.00706670805811882,1.3919185879640281,0.0002035093493759632,1.5044614793732762
3b,3b_replica_1,1,ok,hazard,39,True,False,0.0646932297386229,0.04204803006723523,0.007042509038001299,1.342846259009093,0.00029907189309597015,1.4569290997460485
3b,3b_replica_1,1,ok,hazard,44,True,False,0.05414903815835714,0.041508983820676804,0.00710839219391346,1.4385042376816273,0.0003909170627593994,1.541661568917334
3b,3b_replica_1,1,ok,hazard,37,True,False,0.061222923919558525,0.05071174120530486,0.00727634085342288,1.3085086331702769,0.0002735080197453499,1.4279931471683085
3b,3b_replica_1,1,ok,hazard,35,True,False,0.059053486213088036,0.041937658097594976,0.007170152850449085,1.2658878271467984,0.000217425636947155,1.3742665499448776
3b,3b_replica_1,1,ok,hazard,47,True,False,0.06030229525640607,0.04207404190674424,0.0070775579661130905,1.481418811250478,0.0004582377150654793,1.591330944094807
3b,3b_replica_1,1,ok,hazard,40,True,False,0.06063759420067072,0.040798038709908724,0.0070065041072666645,1.3645257209427655,0.00030260998755693436,1.4732704679481685
3b,3b_replica_1,1,ok,hazard,39,True,False,0.06236367812380195,0.04315953282639384,0.007015475071966648,1.333725452888757,0.00013743899762630463,1.4464015779085457
3b,3b_replica_1,1,ok,hazard,45,True,False,0.049129486083984375,0.04705413384363055,0.007860492449253798,1.441162885632366,0.0003549940884113312,1.545561992097646
3b,3b_replica_1,1,ok,safe,4,True,False,0.058064631186425686,0.04077056283131242,0.007038680836558342,0.691351325251162,0.0001377980224788189,0.7973629981279373
3b,3b_replica_1,1,ok,hazard,44,True,False,0.05652814218774438,0.0431339698843658,0.007127917837351561,1.4333992800675333,0.0005070129409432411,1.5406963229179382
3b,3b_replica_1,1,ok,hazard,44,True,False,0.06243787007406354,0.043522835709154606,0.007115062326192856,1.5201342208310962,0.0003258120268583298,1.6335358009673655
3b,3b_replica_1,1,ok,hazard,43,True,False,0.06419716030359268,0.04133771685883403,0.006934832781553268,1.4213535799644887,0.00029658013954758644,1.5341198700480163
3b,3b_replica_1,1,ok,hazard,49,True,False,0.04623941006138921,0.04163961764425039,0.00704521918669343,1.5231355312280357,0.00042745377868413925,1.6184872318990529
3b,3b_replica_1,1,ok,hazard,45,True,False,0.057813024148344994,0.04317538207396865,0.007110675796866417,1.4515138920396566,0.000400385819375515,1.5600133598782122
3b,3b_replica_1,1,ok,hazard,37,True,False,0.06812759302556515,0.042318449821323156,0.007033439353108406,1.301391729619354,0.0001393621787428856,1.4190105739980936
3b,3b_replica_1,1,ok,hazard,56,True,False,0.058342286851257086,0.04248738009482622,0.007058253977447748,1.6559669938869774,0.0001594233326613903,1.7640143381431699
3b,3b_replica_1,1,ok,hazard,53,True,False,0.060302415397018194,0.04308697767555714,0.007134605199098587,1.6051253518089652,0.00014242623001337051,1.7157917763106525
3b,3b_replica_1,1,ok,hazard,40,True,False,0.05859459098428488,0.04327861871570349,0.007141759153455496,1.3531119977124035,0.0001379973255097866,1.4622649638913572
3b,3b_replica_1,1,ok,hazard,42,True,False,0.06647768942639232,0.041755967773497105,0.006951459217816591,1.3932763887569308,0.00014208490028977394,1.5086035900749266
3b,3b_replica_1,1,ok,hazard,47,True,False,0.05882032588124275,0.04314834112301469,0.007086907979100943,1.4973957082256675,0.00047955289483070374,1.6069308361038566
3b,3b_replica_1,1,ok,hazard,31,True,False,0.05965223582461476,0.043349283281713724,0.007112105842679739,1.1999592208303511,0.00013298029080033302,1.3102058260701597
3b,3b_replica_1,1,ok,hazard,55,True,False,0.06025785394012928,0.04286623792722821,0.007102648261934519,1.6511406539939344,0.00018760794773697853,1.7615550020709634
3b,3b_replica_1,1,ok,hazard,45,True,False,0.06305584404617548,0.043833229690790176,0.007106179371476173,1.457633221987635,0.00032862694934010506,1.5719571020454168
3b,3b_replica_1,1,ok,hazard,43,True,False,0.05810858216136694,0.0416771057061851,0.007169787306338549,1.4248344078660011,0.0004249289631843567,1.532214812003076
3b,3b_replica_1,1,ok,hazard,36,True,False,0.05374540202319622,0.04325315309688449,0.007103390991687775,1.284375311806798,0.00037146080285310745,1.3888487187214196
3b,3b_replica_1,1,ok,hazard,39,True,False,0.06200379505753517,0.04296247102320194,0.007041194010525942,1.3490650528110564,0.00033726030960679054,1.4614097732119262
3b,3b_replica_1,1,ok,hazard,41,True,False,0.06059989193454385,0.04172741528600454,0.007075707893818617,1.3793283207342029,0.00022255023941397667,1.4889538860879838
3b,3b_replica_1,1,ok,hazard,44,True,False,0.058234985917806625,0.051054878160357475,0.007024156861007214,1.4304878949187696,0.00015975907444953918,1.5469616749323905
3b,3b_replica_1,1,ok,hazard,37,True,False,0.06729166908189654,0.042674202006310225,0.007018727716058493,1.3015071712434292,0.00014168769121170044,1.4186334577389061
3b,3b_replica_1,1,ok,hazard,39,True,False,0.06433982821181417,0.0423992327414453,0.008219426963478327,1.3404621831141412,0.0002845488488674164,1.4557052198797464
3b,3b_replica_1,1,ok,hazard,42,True,False,0.06440414302051067,0.04420488374307752,0.006963836960494518,1.4051704038865864,0.00033881934359669685,1.5210820869542658
3b,3b_replica_1,1,ok,safe,4,True,False,0.06409978214651346,0.04239849001169205,0.007165748625993729,0.6864846292883158,0.00011007394641637802,0.8002587240189314
3b,3b_replica_1,1,ok,hazard,47,True,False,0.06244975468143821,0.04388251528143883,0.006965988781303167,1.5006747031584382,0.00014148885384202003,1.6141144507564604
3b,3b_replica_1,1,ok,hazard,37,True,False,0.06423155684024096,0.042689063120633364,0.0070050801150500774,1.3229073979891837,0.00026467209681868553,1.4370977701619267
3b,3b_replica_1,1,ok,hazard,44,True,False,0.061139753088355064,0.0430271252989769,0.006935992743819952,1.4420635821297765,0.00015163514763116837,1.5533180884085596
3b,3b_replica_1,1,ok,hazard,61,True,False,0.06203031400218606,0.04280507704243064,0.006962084677070379,1.7592022991739213,0.00023977505043148994,1.87123954994604
3b,3b_replica_1,1,ok,hazard,47,True,False,0.06173196621239185,0.04331708885729313,0.007080283015966415,1.4943604040890932,0.00035208510234951973,1.6068418272770941
3b,3b_replica_1,1,ok,hazard,39,True,False,0.05770934512838721,0.043022377882152796,0.006998441182076931,1.3391693336889148,0.0002691103145480156,1.4471686081960797
3b,3b_replica_1,1,ok,hazard,46,True,False,0.05016125412657857,0.043429134879261255,0.007003120146691799,1.472770360764116,0.00033922819420695305,1.5737030981108546
3b,3b_replica_1,1,ok,hazard,37,True,False,0.06094621028751135,0.0435570846311748,0.006987946107983589,1.3020658721216023,0.0002580578438937664,1.4138151709921658
3b,3b_replica_1,1,ok,safe,4,True,False,0.057957922108471394,0.05177411111071706,0.007058966904878616,0.6858773729763925,0.00011635804548859596,0.8027847311459482
3b,3b_replica_1,1,ok,hazard,45,True,False,0.06010813685134053,0.04273013584315777,0.006914905272424221,1.4560071006417274,0.00037965504452586174,1.5661399336531758
3b,3b_replica_1,1,ok,hazard,38,True,False,0.061569442972540855,0.042418950237333775,0.007016805931925774,1.3275628187693655,0.0003585699014365673,1.4389265878126025
3b,3b_replica_1,1,ok,hazard,37,True,False,0.055456827860325575,0.04197349399328232,0.006967823952436447,1.3009088248945773,0.0003132019191980362,1.4056201726198196
3b,3b_replica_1,1,ok,hazard,37,True,False,0.06646693591028452,0.041346856858581305,0.006976237986236811,1.3023235970176756,0.0003449833020567894,1.417458611074835
3b,3b_replica_1,1,ok,hazard,36,True,False,0.05735568981617689,0.040961131919175386,0.007045463193207979,1.2799236900173128,0.00019836099818348885,1.3854843359440565
3b,3b_replica_1,1,ok,safe,4,True,False,0.05968194082379341,0.04107106290757656,0.007108117453753948,0.6861035376787186,0.00010836496949195862,0.7940730238333344
3b,3b_replica_1,1,ok,hazard,46,True,False,0.06010124180465937,0.04751773318275809,0.007018188945949078,1.4774937038309872,0.0003984849900007248,1.5925293527543545
3b,3b_replica_1,1,ok,hazard,37,True,False,0.049484035931527615,0.041224823333323,0.00699071679264307,1.3072187858633697,0.0002946034073829651,1.4052129653282464
3b,3b_replica_1,1,ok,hazard,49,True,False,0.059806414879858494,0.041359931230545044,0.007925735786557198,1.5198027160950005,0.00013514794409275055,1.629029945936054
3b,3b_replica_1,1,ok,hazard,43,True,False,0.060515962075442076,0.041220217011868954,0.007046150974929333,1.411887058056891,0.00038993312045931816,1.5210593212395906
3b,3b_replica_1,1,ok,hazard,45,True,False,0.06393545586615801,0.040699892211705446,0.006983297877013683,1.5414929068647325,0.00033516716212034225,1.65344671998173
3b,3b_replica_1,1,ok,hazard,56,True,False,0.058681340888142586,0.0417130789719522,0.006997936870902777,1.6540009030140936,0.00031560705974698067,1.7617088668048382
3b,3b_replica_1,1,ok,hazard,41,True,False,0.059886686969548464,0.040459627751260996,0.0070391143672168255,1.3718646839261055,0.00014966586604714394,1.479399778880179
3b,3b_replica_1,1,ok,hazard,33,True,False,0.06265819212421775,0.04000887181609869,0.007040079217404127,1.2286948026157916,0.000138821080327034,1.3385407668538392
3b,3b_replica_1,1,ok,hazard,49,True,False,0.06296290690079331,0.04083160823211074,0.007030111737549305,1.530594474170357,0.00016073370352387428,1.6415798347443342
3b,3b_replica_1,1,ok,hazard,36,True,False,0.06784325698390603,0.04084831802174449,0.0070459069684147835,1.2842447869479656,0.0002858932130038738,1.4002681621350348
3b,3b_replica_1,1,ok,hazard,38,True,False,0.05918359011411667,0.04088962962850928,0.007001031190156937,1.3204233250580728,0.00032055098563432693,1.42781812697649
3b,3b_replica_1,1,ok,hazard,48,True,False,0.060812116134911776,0.04151292983442545,0.007242180872708559,1.5083494512364268,0.00040787504985928535,1.618324553128332
3b,3b_replica_1,1,ok,hazard,36,True,False,0.059268354903906584,0.040990118868649006,0.007100963965058327,1.285823920276016,0.00028756074607372284,1.3934709187597036
3b,3b_replica_1,1,ok,hazard,44,True,False,0.05824250774458051,0.04112325515598059,0.006966315675526857,1.4326284220442176,0.00028937822207808495,1.5392498788423836
3b,3b_replica_1,1,ok,hazard,40,True,False,0.058497995138168335,0.04202402802184224,0.007050191983580589,1.357014987617731,0.00014191539958119392,1.4647291181609035
3b,3b_replica_1,1,ok,hazard,37,True,False,0.060528100933879614,0.0416553970426321,0.007003366015851498,1.305453300010413,0.0002418779768049717,1.4148820419795811
3b,3b_replica_1,1,ok,hazard,40,True,False,0.057804510928690434,0.04058516211807728,0.007063316181302071,1.3641411219723523,0.00013748090714216232,1.4697315921075642
3b,3b_replica_1,1,ok,safe,4,True,False,0.06161965383216739,0.04164713388308883,0.006985771004110575,0.684476938098669,0.00010371021926403046,0.7948332070372999
3b,3b_replica_1,1,ok,hazard,50,True,False,0.06151391705498099,0.04158631386235356,0.00703501095995307,1.5522080222144723,0.00048250891268253326,1.6628257730044425
3b,3b_replica_1,1,ok,hazard,42,True,False,0.06778450170531869,0.041693815030157566,0.006994767114520073,1.399680808186531,0.00040756165981292725,1.5165614536963403
3b,3b_replica_1,1,ok,hazard,40,True,False,0.05427394900470972,0.04201452434062958,0.007040511816740036,1.3606007490307093,0.00032045505940914154,1.4642501892521977
3b,3b_replica_1,1,ok,hazard,50,True,False,0.06085781706497073,0.04028805298730731,0.007047183811664581,1.5444679879583418,0.0003822590224444866,1.653043300844729
3b,3b_replica_1,1,ok,hazard,52,True,False,0.05957477865740657,0.04104337003082037,0.007128166034817696,1.579008282162249,0.0004302351735532284,1.687184832058847
3b,3b_replica_1,1,ok,hazard,47,True,False,0.06001060921698809,0.04262347286567092,0.006994970142841339,1.4800839377567172,0.00039834529161453247,1.590111335273832
3b,3b_replica_1,1,ok,hazard,44,True,False,0.059906798880547285,0.04210485517978668,0.0070120058953762054,1.4309110343456268,0.0002900268882513046,1.5402247211895883
3b,3b_replica_1,1,ok,hazard,45,True,False,0.0602239859290421,0.042142767924815416,0.007023905869573355,1.4531061979942024,0.00015588337555527687,1.5626527410931885
3b,3b_replica_1,1,ok,hazard,45,True,False,0.06276019662618637,0.04036670131608844,0.007021491881459951,1.4573854468762875,0.00043290527537465096,1.5679667419753969
3b,3b_replica_1,1,ok,hazard,37,True,False,0.06012783804908395,0.04277147492393851,0.007008422166109085,1.3022409668192267,0.0003715287894010544,1.4125202307477593
3b,3b_replica_1,1,ok,hazard,42,True,False,0.06196273863315582,0.04666839633136988,0.00699558574706316,1.4209391889162362,0.00034893909469246864,1.5369148487225175
3b,3b_replica_1,1,ok,hazard,38,True,False,0.06705479696393013,0.04185059294104576,0.006989330053329468,1.3292722408659756,0.00013362430036067963,1.4453005851246417
3b,3b_replica_1,1,ok,hazard,38,True,False,0.0625652140006423,0.04328281665220857,0.007045814301818609,1.3355412697419524,0.0003766031004488468,1.4488117177970707
3b,3b_replica_1,1,ok,hazard,46,True,False,0.06004034588113427,0.042855427134782076,0.007036359049379826,1.4746259828098118,0.000398930162191391,1.5849570450372994
3b,3b_replica_1,1,ok,hazard,40,True,False,0.05886818328872323,0.04208849277347326,0.0070387632586061954,1.3648668336682022,0.0002967528998851776,1.47315902588889
3b,3b_replica_1,1,ok,hazard,31,True,False,0.05334020499140024,0.04253488080576062,0.007108510006219149,1.2040659473277628,0.00013045594096183777,1.3071799990721047
3b,3b_replica_1,1,ok,hazard,34,True,False,0.05910986289381981,0.04207085072994232,0.0071831862442195415,1.246467291843146,0.00022718030959367752,1.3550583720207214
3b,3b_replica_1,2,ok,hazard,53,True,False,0.05888706166297197,0.04371134005486965,0.009640784934163094,1.614011435303837,0.0005487860180437565,1.7267994079738855
3b,3b_replica_1,2,ok,hazard,36,True,False,0.06008799793198705,0.042651478201150894,0.00719846785068512,1.2920373128727078,0.00041510118171572685,1.4023903580382466
3b,3b_replica_1,2,ok,safe,4,True,False,0.05895854998379946,0.04080219194293022,0.006923498120158911,0.6870572469197214,0.00011546909809112549,0.7938569560647011
3b,3b_replica_1,2,ok,safe,4,True,False,0.06526076421141624,0.040942045859992504,0.006971077993512154,0.6867334051057696,0.00011102389544248581,0.800018317066133
3b,3b_replica_1,2,ok,safe,4,True,False,0.06662988197058439,0.043223002925515175,0.007060345262289047,0.6876195487566292,0.00010534515604376793,0.8046381240710616
3b,3b_replica_1,2,ok,hazard,38,True,False,0.054861378856003284,0.04227304691448808,0.007123528979718685,1.3219665712676942,0.0001461799256503582,1.4263707059435546
3b,3b_replica_1,2,ok,safe,4,True,False,0.06416643504053354,0.04325654590502381,0.007153018843382597,0.6848261589184403,0.00010842923074960709,0.7995105879381299
3b,3b_replica_1,2,ok,safe,4,True,False,0.06438587186858058,0.04415257228538394,0.00713922968134284,0.6870132312178612,0.00011335685849189758,0.8028042619116604
3b,3b_replica_1,2,ok,safe,4,True,False,0.06459538172930479,0.04249287210404873,0.008532417938113213,0.7003077832050622,0.00011384580284357071,0.8160423007793725
3b,3b_replica_1,2,ok,safe,4,True,False,0.06332991598173976,0.04235154716297984,0.007033145986497402,0.6870239758864045,0.00010972702875733376,0.7998483120463789
3b,3b_replica_1,2,ok,safe,4,True,False,0.05501013435423374,0.043912224005907774,0.007145939860492945,0.6889002807438374,0.00011908216401934624,0.7950876611284912
3b,3b_replica_1,2,ok,safe,4,True,False,0.05926248896867037,0.044099969789385796,0.007170191965997219,0.7890281691215932,0.00011951196938753128,0.8996803318150342
3b,3b_replica_1,2,ok,hazard,41,True,False,0.0674083442427218,0.04281688015908003,0.007089197635650635,1.3783534560352564,0.0003153132274746895,1.4959831913001835
3b,3b_replica_1,2,ok,safe,4,True,False,0.062438898254185915,0.043593336828053,0.007080277893692255,0.6897852681577206,0.00011256476864218712,0.8030103459022939
3b,3b_replica_1,2,ok,safe,4,True,False,0.0588432252407074,0.04061351902782917,0.006941070780158043,0.688459191005677,0.00011113286018371582,0.7949681389145553
3b,3b_replica_1,2,ok,safe,4,True,False,0.05806110193952918,0.043138235341757536,0.007059112656861544,0.6865291581489146,0.00011138198897242546,0.7948989900760353
3b,3b_replica_1,2,ok,safe,4,True,False,0.06692647002637386,0.04253238392993808,0.007141794078052044,0.6895047910511494,0.00011064903810620308,0.8062160881236196
3b,3b_replica_1,2,ok,hazard,41,True,False,0.05855824379250407,0.043840373400598764,0.007153701968491077,1.393707127775997,0.00014952104538679123,1.5034089679829776
3b,3b_replica_1,2,ok,safe,4,True,False,0.06537674413993955,0.051473721861839294,0.007761352229863405,0.6897659366950393,0.00011295592412352562,0.814490710850805
3b,3b_replica_1,2,ok,safe,4,True,False,0.05915259988978505,0.04263258399441838,0.007256034296005964,0.6878172867000103,0.0001098322682082653,0.796968337148428
3b,3b_replica_1,2,ok,safe,4,True,False,0.06279952870681882,0.04287792695686221,0.006976374890655279,0.6896199341863394,0.00011073099449276924,0.8023844957351685
3b,3b_replica_1,2,ok,safe,4,True,False,0.06251961877569556,0.042730113957077265,0.007137566339224577,0.6870727417990565,0.00011269515380263329,0.7995727360248566
3b,3b_replica_1,2,ok,safe,4,True,False,0.06026960676535964,0.04359571682289243,0.007144559174776077,0.6902948012575507,0.00011238269507884979,0.8014170667156577
3b,3b_replica_1,2,ok,hazard,38,True,False,0.06606774590909481,0.042066161055117846,0.00706500094383955,1.319806709419936,0.00033334968611598015,1.4353389670141041
3b,3b_replica_1,2,ok,safe,4,True,False,0.058929285034537315,0.043015731032937765,0.007093220017850399,0.6894754939712584,0.00013771094381809235,0.798651441000402
3b,3b_replica_1,2,ok,hazard,45,True,False,0.06350111588835716,0.04385238699615002,0.007226552348583937,1.4618298239074647,0.00013487786054611206,1.576544757001102
3b,3b_replica_1,2,ok,safe,4,True,False,0.06425709184259176,0.04905598470941186,0.007266336120665073,0.6858883639797568,0.00010549789294600487,0.8065732745453715
3b,3b_replica_1,2,ok,safe,4,True,False,0.06285512167960405,0.042087642941623926,0.007232573349028826,0.6870715380646288,0.0001086047850549221,0.7993554808199406
3b,3b_replica_1,2,ok,safe,4,True,False,0.05502244271337986,0.04466427117586136,0.0071778870187699795,0.6921747070737183,0.00013668183237314224,0.7991759898141026
3b,3b_replica_1,2,ok,hazard,33,True,False,0.060009348671883345,0.04434878099709749,0.007258433382958174,1.2298541609197855,0.0001301988959312439,1.3416009228676558
3b,3b_replica_1,2,ok,safe,4,True,False,0.059045856818556786,0.04533501621335745,0.0074964528903365135,0.6877839942462742,0.00011681998148560524,0.7997781401500106
3b,3b_replica_1,2,ok,safe,4,True,False,0.062228959053754807,0.04607775388285518,0.007408513221889734,0.6907152677886188,0.0001157163642346859,0.8065462103113532
3b,3b_replica_1,2,ok,safe,4,True,False,0.06284477096050978,0.042702396865934134,0.007045155856758356,0.6900947303511202,0.00011246465146541595,0.8027995186857879
3b,3b_replica_1,2,ok,hazard,41,True,False,0.05530538922175765,0.04185055894777179,0.007051956839859486,1.3874696753919125,0.0002989377826452255,1.4919765181839466
3b,3b_replica_1,2,ok,hazard,41,True,False,0.06706049898639321,0.04183275019749999,0.006934084929525852,1.3803028352558613,0.00028876587748527527,1.4964189352467656
3b,3b_replica_1,2,ok,safe,4,True,False,0.05872780503705144,0.04212121106684208,0.0070923808962106705,0.6886158590205014,0.00010536890476942062,0.796662624925375
3b,3b_replica_1,2,ok,safe,4,True,False,0.0589167270809412,0.04279322922229767,0.007085847668349743,0.6867879712954164,0.00010337494313716888,0.7956871502101421
3b,3b_replica_1,2,ok,hazard,44,True,False,0.06633247900754213,0.04269184125587344,0.00713077187538147,1.4355452391318977,0.0004516937769949436,1.5521520250476897
3b,3b_replica_1,2,ok,hazard,41,True,False,0.0608935197815299,0.04222190007567406,0.007083637174218893,1.38381282472983,0.0004003699868917465,1.4944122517481446
3b,3b_replica_1,2,ok,safe,4,True,False,0.0648014722391963,0.040962401777505875,0.006999131292104721,0.6867526029236615,0.00011024903506040573,0.7996258572675288
3b,3b_replica_1,2,ok,hazard,33,True,False,0.05898993415758014,0.043685745913535357,0.007049343083053827,1.2422698731534183,0.0001324918121099472,1.3521273881196976
3b,3b_replica_1,2,ok,safe,4,True,False,0.06233678897842765,0.04019170394167304,0.0069680907763540745,0.6869525630027056,0.0001203371211886406,0.796569483820349
3b,3b_replica_1,2,ok,safe,4,True,False,0.06270595407113433,0.04380052490159869,0.00704090716317296,0.6891810917295516,0.00011485489085316658,0.8028433327563107
3b,3b_replica_1,2,ok,safe,4,True,False,0.05713830702006817,0.04221477219834924,0.00705029396340251,0.687970784958452,0.00010889815166592598,0.7944830562919378
3b,3b_replica_1,2,ok,safe,4,True,False,0.06121925311163068,0.042641458101570606,0.009677691850811243,0.6986837582662702,0.00011375872418284416,0.8123359200544655
3b,3b_replica_1,2,ok,safe,4,True,False,0.06304619228467345,0.041798431891947985,0.0070808520540595055,0.6864197268150747,0.00011037103831768036,0.7984555740840733
3b,3b_replica_1,2,ok,safe,4,True,False,0.06605272740125656,0.041648080572485924,0.007137819193303585,0.6869138120673597,0.0001119738444685936,0.8018644130788743
3b,3b_replica_1,2,ok,safe,4,True,False,0.06511737732216716,0.042670394759625196,0.007158359978348017,0.6907429513521492,0.00011263694614171982,0.8058017203584313
3b,3b_replica_1,2,ok,safe,4,True,False,0.062323945108801126,0.041722020134329796,0.0069517348892986774,0.6909928191453218,0.00010958267375826836,0.8021001019515097
3b,3b_replica_1,2,ok,hazard,45,True,False,0.06065915618091822,0.041073048021644354,0.007036724593490362,1.4693685532547534,0.0003429967910051346,1.5784804788418114
3b,3b_replica_1,2,ok,safe,4,True,False,0.062321352772414684,0.042144476901739836,0.007103519979864359,0.6901506283320487,0.00011329073458909988,0.8018332687206566
3b,3b_replica_1,2,ok,safe,4,True,False,0.06283055013045669,0.040204621851444244,0.006975254975259304,0.6900742519646883,0.00010869791731238365,0.8001933768391609
3b,3b_replica_1,2,ok,safe,4,True,False,0.05805779481306672,0.04033785220235586,0.009625293780118227,0.698777780868113,0.00011007813736796379,0.8069087998010218
3b,3b_replica_1,2,ok,hazard,44,True,False,0.06686906330287457,0.04305475065484643,0.007101876195520163,1.4701851201243699,0.0005126446485519409,1.587723454926163
3b,3b_replica_1,2,ok,hazard,53,True,False,0.06307080388069153,0.044456027913838625,0.007156883366405964,1.7092779129743576,0.00017198361456394196,1.8241336117498577
3b,3b_replica_1,2,ok,hazard,36,True,False,0.06241323286667466,0.04484680714085698,0.0074378130957484245,1.2917868476361036,0.00025679124519228935,1.406741491984576
3b,3b_replica_1,2,ok,safe,4,True,False,0.0630774381570518,0.04364158818498254,0.007266849745064974,0.6917718229815364,0.00011529121547937393,0.8058729902841151
3b,3b_replica_1,2,ok,hazard,37,True,False,0.06291707791388035,0.04504001699388027,0.007197864819318056,1.3167213690467179,0.00031955819576978683,1.4321958869695663
3b,3b_replica_1,2,ok,hazard,37,True,False,0.0612834170460701,0.05165456794202328,0.007130434270948172,1.2982455058954656,0.0003359629772603512,1.4186498881317675
3b,3b_replica_1,2,ok,safe,4,True,False,0.0689150970429182,0.044025633949786425,0.007156782317906618,0.6895176889374852,0.00011383602395653725,0.809729038272053
3b,3b_replica_1,2,ok,safe,4,True,False,0.06822569575160742,0.04499550489708781,0.007191227283328772,0.6865011719055474,0.00012884289026260376,0.807042442727834
3b,3b_replica_1,2,ok,safe,4,True,False,0.06487630913034081,0.04849610198289156,0.0075220451690256596,0.6876586508005857,0.00011467421427369118,0.8086677812971175
3b,3b_replica_1,2,ok,safe,4,True,False,0.062356873881071806,0.04522968968376517,0.007730969227850437,0.6890899520367384,0.00011409493163228035,0.8045215797610581
3b,3b_replica_1,2,ok,hazard,54,True,False,0.05728845298290253,0.045075243804603815,0.0072623733431100845,1.6335946237668395,0.00028696004301309586,1.743507653940469
3b,3b_replica_1,2,ok,safe,4,True,False,0.061381504870951176,0.044198811054229736,0.007226042915135622,0.6886648070067167,0.00011811405420303345,0.8015892799012363
3b,3b_replica_1,2,ok,safe,4,True,False,0.06479934090748429,0.04543935786932707,0.007254654075950384,0.6909117777831852,0.00011261412873864174,0.8085177447646856
3b,3b_replica_1,2,ok,hazard,40,True,False,0.05505999410524964,0.04431678960099816,0.007309241220355034,1.3639167938381433,0.0004004999063909054,1.471003318671137
3b,3b_replica_1,2,ok,hazard,41,True,False,0.06818795017898083,0.04410882806405425,0.007320088800042868,1.370430279057473,0.00033988896757364273,1.4903870350681245
3b,3b_replica_1,2,ok,safe,4,True,False,0.058203964959830046,0.044622155372053385,0.007293420843780041,0.6861535809002817,0.00011480599641799927,0.7963879280723631
3b,3b_replica_1,2,ok,safe,4,True,False,0.06207318836823106,0.043255689553916454,0.007279681041836739,0.688347589224577,0.00010979082435369492,0.8010659390129149
3b,3b_replica_1,2,ok,safe,4,True,False,0.06818526284769177,0.04370966088026762,0.00721695413812995,0.6876880889758468,0.00010849814862012863,0.8069084649905562
3b,3b_replica_1,2,ok,safe,4,True,False,0.06333773070946336,0.04393596015870571,0.00719872210174799,0.694586805999279,0.00011212192475795746,0.809171340893954
3b,3b_replica_1,2,ok,safe,4,True,False,0.06834112014621496,0.04385110083967447,0.007138904184103012,0.685994983650744,0.00011405907571315765,0.8054401678964496
3b,3b_replica_1,2,ok,safe,4,True,False,0.06368937389925122,0.044120158068835735,0.007779801730066538,0.6971652079373598,0.00011482229456305504,0.8128693639300764
3b,3b_replica_1,2,ok,hazard,53,True,False,0.06520983623340726,0.044675800018012524,0.007322114892303944,1.6118716830387712,0.00026339292526245117,1.7293428271077573
3b,3b_replica_1,2,ok,safe,4,True,False,0.06242092605680227,0.043509208131581545,0.00731430109590292,0.6957207107916474,0.0001177680678665638,0.8090829141438007
3b,3b_replica_1,2,ok,safe,4,True,False,0.05944716511294246,0.045236567966639996,0.007231604773551226,0.6951549900695682,0.00011810986325144768,0.8071884377859533
3b,3b_replica_1,2,ok,safe,4,True,False,0.05962918000295758,0.04498418001458049,0.007208310998976231,0.7027241247706115,0.0001289723441004753,0.8146747681312263
3b,3b_replica_1,2,ok,safe,4,True,False,0.06878192583099008,0.04218010883778334,0.007104427088052034,0.6903606532141566,0.00012644100934267044,0.8085535559803247
3b,3b_replica_1,2,ok,safe,4,True,False,0.06071385322138667,0.04232837771996856,0.007298599928617477,0.6878281771205366,0.00011823279783129692,0.7982872407883406
3b,3b_replica_1,2,ok,hazard,39,True,False,0.06047280877828598,0.04343423806130886,0.007274597883224487,1.3431025110185146,0.00038371840491890907,1.4546678741462529
3b,3b_replica_1,2,ok,safe,4,True,False,0.06369079882279038,0.042507834266871214,0.007350213825702667,0.6889858981594443,0.00011225976049900055,0.8026470048353076
3b,3b_replica_1,2,ok,safe,4,True,False,0.060705007053911686,0.041729469783604145,0.007166816852986813,0.6870058299973607,0.00011062528938055038,0.7967177489772439
3b,3b_replica_1,2,ok,hazard,48,True,False,0.0606370628811419,0.0421036989428103,0.007160444278270006,1.521009654738009,0.00016606319695711136,1.6310769240371883
3b,3b_replica_1,2,ok,hazard,45,True,False,0.06543197110295296,0.04454020783305168,0.007181709166616201,1.4626173530705273,0.0003676540218293667,1.5801388951949775
3b,3b_replica_1,2,ok,safe,4,True,False,0.06183950789272785,0.04225033987313509,0.0072898599319159985,0.6872076359577477,0.00011708028614521027,0.7987044239416718
3b,3b_replica_1,2,ok,hazard,45,True,False,0.061537680216133595,0.04217243194580078,0.0074129970744252205,1.4662019549869,0.0003487500362098217,1.5776738142594695
3b,3b_replica_1,2,ok,safe,4,True,False,0.05750240385532379,0.043466301169246435,0.007237688172608614,0.6864100587554276,0.00011346722021698952,0.7947299191728234
3b,3b_replica_1,2,ok,hazard,55,True,False,0.05815340904518962,0.043634393718093634,0.007101231254637241,1.645647064782679,0.0002594520337879658,1.7547955508343875
3b,3b_replica_1,2,ok,hazard,36,True,False,0.05644310312345624,0.04430458089336753,0.007203205022960901,1.2969968160614371,0.00014377711340785027,1.4050914822146297
3b,3b_replica_1,2,ok,safe,4,True,False,0.05267555406317115,0.04398538311943412,0.007437737658619881,0.695711123291403,0.00011898064985871315,0.7999287787824869
3b,3b_replica_1,2,ok,safe,4,True,False,0.06247267220169306,0.04561039200052619,0.007317438721656799,0.6875996310263872,0.00010968325659632683,0.8031098172068596
3b,3b_replica_1,2,ok,hazard,48,True,False,0.06010158499702811,0.04516514716669917,0.0073899379931390285,1.5277259019203484,0.00013831816613674164,1.6405208902433515
3b,3b_replica_1,2,ok,safe,4,True,False,0.061916659120470285,0.04485755879431963,0.007351646199822426,0.6870664851740003,0.00011574570089578629,0.8013080949895084
3b,3b_replica_1,2,ok,safe,4,True,False,0.06399636063724756,0.04502491420134902,0.007323538884520531,0.6932038469240069,0.00011835107579827309,0.8096670117229223
3b,3b_replica_1,2,ok,safe,4,True,False,0.06258601509034634,0.04523109318688512,0.00728576211258769,0.6857554889284074,0.0001147300936281681,0.8009730894118547
3b,3b_replica_1,2,ok,safe,4,True,False,0.0657368116080761,0.04445692524313927,0.007284811697900295,0.8018826013430953,0.00011369585990905762,0.91947484575212
3b,3b_replica_1,2,ok,safe,4,True,False,0.055076252203434706,0.04715295089408755,0.0072889551520347595,0.6902135740965605,0.0001122327521443367,0.7998439650982618
3b,3b_replica_1,2,ok,safe,4,True,False,0.06454555969685316,0.04423139896243811,0.0072941891849040985,0.6891173068434,0.00011087721213698387,0.8052993318997324
3b,3b_replica_1,2,ok,hazard,45,True,False,0.06331609422340989,0.04353035055100918,0.007303630001842976,1.4609312121756375,0.00015767011791467667,1.5752389570698142
3b,3b_replica_1,2,ok,hazard,45,True,False,0.05653012124821544,0.04513535788282752,0.007363836281001568,1.4697174006141722,0.00044625112786889076,1.5791929671540856
3b,3b_replica_1,2,ok,hazard,53,True,False,0.057915644720196724,0.043935425113886595,0.007163079921156168,1.6157198050059378,0.00016608694568276405,1.72490004170686
3b,3b_replica_1,2,ok,hazard,35,True,False,0.06533474382013083,0.04571880912408233,0.007293071132153273,1.2741000419482589,0.000303708016872406,1.3927503740414977
3b,3b_replica_1,2,ok,hazard,36,True,False,0.06484669912606478,0.04554770886898041,0.007436037063598633,1.3040272719226778,0.00026434101164340973,1.422122057992965
3b,3b_replica_1,2,ok,hazard,48,True,False,0.040941141080111265,0.04387438017874956,0.007277593947947025,1.514999508857727,0.0004202420823276043,1.6075128661468625
3b,3b_replica_1,2,ok,hazard,35,True,False,0.055931854993104935,0.04300454631447792,0.007418174762278795,1.2668995917774737,0.00025260308757424355,1.3735067709349096
3b,3b_replica_1,2,ok,hazard,43,True,False,0.05928078340366483,0.04401763388887048,0.007550195790827274,1.428432326298207,0.00013890862464904785,1.5394198480062187
3b,3b_replica_1,2,ok,hazard,36,True,False,0.06257528159767389,0.04324931325390935,0.00745818018913269,1.2848133817315102,0.00014818692579865456,1.3982443436980247
3b,3b_replica_1,2,ok,hazard,41,True,False,0.05941290408372879,0.0426870658993721,0.007104838266968727,1.3740628529340029,0.0002043871209025383,1.483472048304975
3b,3b_replica_1,2,ok,hazard,55,True,False,0.06187467323616147,0.04275081166997552,0.00826305104419589,1.6516617853194475,0.0002074679359793663,1.7647577892057598
3b,3b_replica_1,2,ok,hazard,55,True,False,0.0607363423332572,0.04985083173960447,0.007289004046469927,1.6393693699501455,0.0002603139728307724,1.7575058620423079
3b,3b_replica_1,2,ok,hazard,41,True,False,0.06197706609964371,0.04332552710548043,0.007310425862669945,1.386422268114984,0.0003620400093495846,1.4993973271921277
3b,3b_replica_1,2,ok,hazard,46,True,False,0.05536917597055435,0.043277997989207506,0.0073276180773973465,1.474560895934701,0.0003909999504685402,1.5809266879223287
3b,3b_replica_1,2,ok,hazard,53,True,False,0.05930276308208704,0.04215657012537122,0.007384324911981821,1.6096534957177937,0.0005519082769751549,1.719049062114209
3b,3b_replica_1,2,ok,hazard,39,True,False,0.05921485275030136,0.043931910302489996,0.007446889765560627,1.3391962219029665,0.00026149023324251175,1.450051364954561
3b,3b_replica_1,2,ok,hazard,40,True,False,0.05316838016733527,0.04161718674004078,0.007169327232986689,1.3664038707502186,0.00026232004165649414,1.4686210849322379
3b,3b_replica_1,2,ok,hazard,41,True,False,0.06780190672725439,0.04269111109897494,0.007230200804769993,1.3894885750487447,0.0003614639863371849,1.5075732576660812
3b,3b_replica_1,2,ok,hazard,41,True,False,0.06324499286711216,0.0428745374083519,0.007659476716071367,1.3915579309687018,0.000273051206022501,1.5056099891662598
3b,3b_replica_1,2,ok,hazard,39,True,False,0.06365648470818996,0.042473815847188234,0.007390923332422972,1.333756550680846,0.00031512603163719177,1.4475929006002843
3b,3b_replica_1,2,ok,hazard,44,True,False,0.05722158309072256,0.04237938113510609,0.007196222897619009,1.430913858115673,0.00037337373942136765,1.538084418978542
3b,3b_replica_1,2,ok,hazard,37,True,False,0.06088148569688201,0.04207945615053177,0.0072837891057133675,1.3136826478876173,0.0002899658866226673,1.4242173447273672
3b,3b_replica_1,2,ok,hazard,35,True,False,0.05978307360783219,0.044259234331548214,0.0073862639255821705,1.2818494359962642,0.00014055287465453148,1.3934185607358813
3b,3b_replica_1,2,ok,hazard,47,True,False,0.060412609949707985,0.0417138603515923,0.007275945972651243,1.5024783699773252,0.000594800803810358,1.612475587055087
3b,3b_replica_1,2,ok,hazard,47,True,False,0.061737519688904285,0.04262752924114466,0.007521812804043293,1.4893499710597098,0.0004087449051439762,1.601645577698946
3b,3b_replica_1,2,ok,hazard,39,True,False,0.0625577038154006,0.04338215896859765,0.007198437117040157,1.351522505749017,0.0003275582566857338,1.4649883639067411
3b,3b_replica_1,2,ok,hazard,45,True,False,0.04908439330756664,0.043664155062288046,0.0074838269501924515,1.4574374007061124,0.0005586561746895313,1.558228432200849
3b,3b_replica_1,2,ok,safe,4,True,False,0.05823177378624678,0.04112052405253053,0.007123370189219713,0.6880423668771982,0.00011043483391404152,0.7946284697391093
3b,3b_replica_1,2,ok,hazard,54,True,False,0.056359062902629375,0.042974777054041624,0.007207815069705248,1.6274374867789447,0.00043966108933091164,1.734418802894652
3b,3b_replica_1,2,ok,hazard,44,True,False,0.0609782999381423,0.041113178711384535,0.007142540067434311,1.439930122345686,0.00015405984595417976,1.5493182009086013
3b,3b_replica_1,2,ok,hazard,43,True,False,0.06512642186135054,0.04285980015993118,0.0072031388990581036,1.427953900769353,0.0003375881351530552,1.5434808498248458
3b,3b_replica_1,2,ok,hazard,49,True,False,0.04619740601629019,0.04118763608857989,0.007210444193333387,1.5360349267721176,0.0004216432571411133,1.6310520563274622
3b,3b_replica_1,2,ok,hazard,44,True,False,0.05797422118484974,0.0420368448831141,0.007435404229909182,1.4339345507323742,0.00044893426820635796,1.5418299552984536
3b,3b_replica_1,2,ok,hazard,37,True,False,0.06812238693237305,0.04224710911512375,0.007279069162905216,1.305654725059867,0.00014344695955514908,1.423446737229824
3b,3b_replica_1,2,ok,hazard,54,True,False,0.05830977903679013,0.04233413003385067,0.0074175260961055756,1.622187852859497,0.00045964494347572327,1.7307089329697192
3b,3b_replica_1,2,ok,hazard,53,True,False,0.06027316674590111,0.04245263896882534,0.007231228984892368,1.6015586690045893,0.0004892800934612751,1.7120049837976694
3b,3b_replica_1,2,ok,hazard,40,True,False,0.05933746509253979,0.041157337836921215,0.007174128200858831,1.3583663371391594,0.0003044549375772476,1.4663397232070565
3b,3b_replica_1,2,ok,hazard,42,True,False,0.06704649468883872,0.04991973889991641,0.007484687026590109,1.3940182803198695,0.00032793497666716576,1.518797135911882
3b,3b_replica_1,2,ok,hazard,47,True,False,0.0581750045530498,0.04380520014092326,0.0071812341921031475,1.5983997317962348,0.0003557102754712105,1.7079168809577823
3b,3b_replica_1,2,ok,hazard,31,True,False,0.05847300589084625,0.045616531278938055,0.007435110863298178,1.1917324271053076,0.00013504596427083015,1.303392121102661
3b,3b_replica_1,2,ok,hazard,55,True,False,0.060365159064531326,0.044269795063883066,0.007515391800552607,1.639280836097896,0.0004536309279501438,1.7518848129548132
3b,3b_replica_1,2,ok,hazard,45,True,False,0.06385392416268587,0.042830497957766056,0.007508473005145788,1.4635258121415973,0.00034840963780879974,1.5780671169050038
3b,3b_replica_1,2,ok,hazard,43,True,False,0.05878476705402136,0.04365536477416754,0.00730399414896965,1.4159613158553839,0.00015239929780364037,1.525857841130346
3b,3b_replica_1,2,ok,hazard,36,True,False,0.05366998910903931,0.04340162081643939,0.007371559273451567,1.3011764818802476,0.0002766260877251625,1.405896277166903
3b,3b_replica_1,2,ok,hazard,39,True,False,0.061852504033595324,0.04191539669409394,0.007267745211720467,1.3391542970202863,0.00025210296735167503,1.4504420459270477
3b,3b_replica_1,2,ok,hazard,41,True,False,0.060515393037348986,0.04186488501727581,0.007350380998104811,1.377160516101867,0.0002902718260884285,1.487181446980685
3b,3b_replica_1,2,ok,hazard,44,True,False,0.05805948004126549,0.043080303352326155,0.007541100960224867,1.4284705957397819,0.0003475700505077839,1.5374990501441061
3b,3b_replica_1,2,ok,hazard,37,True,False,0.06719528883695602,0.04333625314757228,0.00722471484914422,1.307863141875714,0.0001338091678917408,1.4257532078772783
3b,3b_replica_1,2,ok,hazard,39,True,False,0.06396190635859966,0.04189107194542885,0.007403383031487465,1.3447768189944327,0.0002430099993944168,1.458276190329343
3b,3b_replica_1,2,ok,hazard,39,True,False,0.06433520372956991,0.042180064134299755,0.00712217204272747,1.346849034074694,0.00025290902704000473,1.460739383008331
3b,3b_replica_1,2,ok,safe,4,True,False,0.06450872356072068,0.04259288311004639,0.007362360134720802,0.6845502029173076,0.00011121388524770737,0.7991253836080432
3b,3b_replica_1,2,ok,hazard,47,True,False,0.061763277277350426,0.04253763472661376,0.007411208003759384,1.4870185102336109,0.00037431810051202774,1.5991049483418465
3b,3b_replica_1,2,ok,hazard,37,True,False,0.06386835919693112,0.041841388680040836,0.007253152318298817,1.3029514360241592,0.00035224296152591705,1.4162665791809559
3b,3b_replica_1,2,ok,hazard,44,True,False,0.060273508075624704,0.043212926015257835,0.007287389133125544,1.42869170056656,0.0003346633166074753,1.5398001871071756
3b,3b_replica_1,2,ok,hazard,61,True,False,0.06166900508105755,0.04314563190564513,0.007303088903427124,1.7579201888293028,0.0005275639705359936,1.8705654786899686
3b,3b_replica_1,2,ok,hazard,47,True,False,0.06028510211035609,0.044346211943775415,0.007436445914208889,1.489412970840931,0.0005060438998043537,1.6019867747090757
3b,3b_replica_1,2,ok,hazard,39,True,False,0.05707606393843889,0.04230605810880661,0.007496806792914867,1.349521760828793,0.0003124093636870384,1.4567130990326405
3b,3b_replica_1,2,ok,hazard,48,True,False,0.05071484297513962,0.043062612880021334,0.0072685121558606625,1.5041817659512162,0.0004616202786564827,1.6056893542408943
3b,3b_replica_1,2,ok,hazard,37,True,False,0.0618270467966795,0.044138962402939796,0.0074038319289684296,1.2992873848415911,0.0002806689590215683,1.4129378949292004
3b,3b_replica_1,2,ok,safe,4,True,False,0.057930479757487774,0.04358473513275385,0.0073281689547002316,0.6851590080186725,0.00011072726920247078,0.7941131191328168
3b,3b_replica_1,2,ok,hazard,45,True,False,0.06016091303899884,0.04301768494769931,0.007538593839854002,1.4431285047903657,0.0005547022446990013,1.5544003988616168
3b,3b_replica_1,2,ok,hazard,38,True,False,0.06186901265755296,0.04256466031074524,0.007897101808339357,1.330186848063022,0.00013557309284806252,1.4426531959325075
3b,3b_replica_1,2,ok,hazard,37,True,False,0.055853265803307295,0.042107086163014174,0.0074913958087563515,1.3049971498548985,0.0001376420259475708,1.4105865396559238
3b,3b_replica_1,2,ok,hazard,37,True,False,0.06624971376731992,0.04388718819245696,0.0073231798596680164,1.303979811258614,0.0002739056944847107,1.4217137987725437
3b,3b_replica_1,2,ok,hazard,36,True,False,0.05744159687310457,0.043806653935462236,0.007458704058080912,1.2807392487302423,0.0003126291558146477,1.3897588327527046
3b,3b_replica_1,2,ok,safe,4,True,False,0.05949701368808746,0.042952452320605516,0.00936815096065402,0.690391032025218,0.00012097600847482681,0.8023296250030398
3b,3b_replica_1,2,ok,hazard,43,True,False,0.06029792781919241,0.042871632147580385,0.007332469802349806,1.4300890089944005,0.0003444710746407509,1.5409355098381639
3b,3b_replica_1,2,ok,hazard,37,True,False,0.04955027811229229,0.042850714176893234,0.007226830814033747,1.3193174288608134,0.0004309751093387604,1.4193762270733714
3b,3b_replica_1,2,ok,hazard,49,True,False,0.0590209593065083,0.04274236876517534,0.007578711956739426,1.5440019448287785,0.0004117591306567192,1.6537557439878583
3b,3b_replica_1,2,ok,hazard,43,True,False,0.061465971637517214,0.041883463971316814,0.007397470064461231,1.4134299759753048,0.00036171311512589455,1.524538594763726
3b,3b_replica_1,2,ok,hazard,45,True,False,0.063839390873909,0.04993632901459932,0.007506925147026777,1.4585302700288594,0.0001445920206606388,1.5799575070850551
3b,3b_replica_1,2,ok,hazard,56,True,False,0.05875528370961547,0.0433993823826313,0.0074632298201322556,1.6543185077607632,0.00023008417338132858,1.7641664878465235
3b,3b_replica_1,2,ok,hazard,41,True,False,0.060236717108637094,0.04343974823132157,0.007539320737123489,1.3816106631420553,0.00033051008358597755,1.4931569593027234
3b,3b_replica_1,2,ok,hazard,33,True,False,0.06295149214565754,0.04411024693399668,0.007527426350861788,1.2387414127588272,0.00013306783512234688,1.3534636460244656
3b,3b_replica_1,2,ok,hazard,49,True,False,0.06411301298066974,0.04215661296620965,0.00736874807626009,1.5301039549522102,0.0004173479974269867,1.6441596769727767
3b,3b_replica_1,2,ok,hazard,36,True,False,0.06849954882636666,0.0434237509034574,0.007323293015360832,1.2864361619576812,0.0002637309953570366,1.4059464856982231
3b,3b_replica_1,2,ok,hazard,38,True,False,0.059846363961696625,0.042721047066152096,0.007135269697755575,1.3247489961795509,0.00012842100113630295,1.4345800979062915
3b,3b_replica_1,2,ok,hazard,48,True,False,0.06081205885857344,0.049372057896107435,0.01135773304849863,1.5327703771181405,0.0003810920752584934,1.6546933189965785
3b,3b_replica_1,2,ok,hazard,36,True,False,0.05981804011389613,0.04932303121313453,0.008995890617370605,1.2837834181264043,0.0001774318516254425,1.402097811922431
3b,3b_replica_1,2,ok,hazard,44,True,False,0.05996241793036461,0.053421484772115946,0.008388213347643614,1.4495723377913237,0.00039397599175572395,1.5717384298332036
3b,3b_replica_1,2,ok,hazard,40,True,False,0.05864376528188586,0.04398140776902437,0.007393599022179842,1.4570167581550777,0.0003496180288493633,1.5673851482570171
3b,3b_replica_1,2,ok,hazard,37,True,False,0.06329726008698344,0.044045242946594954,0.007579194847494364,1.3099687658250332,0.0002416670322418213,1.4251321307383478
3b,3b_replica_1,2,ok,hazard,40,True,False,0.05939321080222726,0.06532430881634355,0.007259195204824209,1.3609273149631917,0.0002523050643503666,1.4931563348509371
3b,3b_replica_1,2,ok,safe,4,True,False,0.0624018176458776,0.04257329227402806,0.007635065820068121,0.6914169113151729,0.0001130090095102787,0.804140096064657
3b,3b_replica_1,2,ok,hazard,50,True,False,0.06143140513449907,0.04309697821736336,0.007619563024491072,1.5745962080545723,0.0004943809472024441,1.6872385353781283
3b,3b_replica_1,2,ok,hazard,42,True,False,0.06685000658035278,0.04261055402457714,0.0073881433345377445,1.4059198298491538,0.0003626300022006035,1.523131163790822
3b,3b_replica_1,2,ok,hazard,40,True,False,0.05442746030166745,0.04405121598392725,0.007403253111988306,1.3782631820067763,0.0002545439638197422,1.484399655368179
3b,3b_replica_1,2,ok,hazard,53,True,False,0.061030418146401644,0.04186928691342473,0.007376784924417734,1.6220645532011986,0.0004991819150745869,1.7328402251005173
3b,3b_replica_1,2,ok,hazard,52,True,False,0.0601070960983634,0.04413511184975505,0.007429626304656267,1.602641871664673,0.0004577520303428173,1.7147714579477906
3b,3b_replica_1,2,ok,hazard,47,True,False,0.060050833970308304,0.041199789848178625,0.007086802273988724,1.5019407728686929,0.00045643001794815063,1.6107346289791167
3b,3b_replica_1,2,ok,hazard,44,True,False,0.059899119194597006,0.04391904780641198,0.007487623021006584,1.4309015041217208,0.0004014531150460243,1.5426087472587824
3b,3b_replica_1,2,ok,hazard,45,True,False,0.06116875819861889,0.04228368075564504,0.007312461268156767,1.454597475938499,0.0003198259510099888,1.5656822021119297
3b,3b_replica_1,2,ok,hazard,44,True,False,0.06256699888035655,0.04263186501339078,0.007344936951994896,1.4396989881061018,0.0003660558722913265,1.5526088448241353
3b,3b_replica_1,2,ok,hazard,37,True,False,0.06120536709204316,0.043869740795344114,0.0073904781602323055,1.3001921167597175,0.000288316048681736,1.4129460188560188
3b,3b_replica_1,2,ok,hazard,42,True,False,0.0653775380924344,0.04343393398448825,0.007520582992583513,1.3956534061580896,0.00031455187126994133,1.5123000130988657
3b,3b_replica_1,2,ok,hazard,38,True,False,0.0662515927106142,0.044022240210324526,0.007184743881225586,1.3254498201422393,0.00026621995493769646,1.4431746168993413
3b,3b_replica_1,2,ok,hazard,41,True,False,0.06198656419292092,0.04329790873453021,0.007560348138213158,1.3825412010774016,0.00013637589290738106,1.4955223980359733
3b,3b_replica_1,2,ok,hazard,46,True,False,0.05998212890699506,0.043813818134367466,0.0073870327323675156,1.473046847153455,0.00015309592708945274,1.5843829228542745
3b,3b_replica_1,2,ok,hazard,40,True,False,0.05814176984131336,0.043014733120799065,0.011280911974608898,1.3625869881361723,0.0003313426859676838,1.4753557457588613
3b,3b_replica_1,2,ok,hazard,31,True,False,0.05273207603022456,0.043793708086013794,0.007519233040511608,1.1909860889427364,0.00013410300016403198,1.2951652090996504
3b,3b_replica_1,2,ok,hazard,34,True,False,0.059906120877712965,0.04302383121103048,0.007093684747815132,1.2444376209750772,0.00013523083180189133,1.3545964886434376
3b,3b_replica_2,1,ok,hazard,53,True,False,0.06041163485497236,0.09353018226101995,0.024406700860708952,1.5731872972100973,0.00033688265830278397,1.7518726978451014
3b,3b_replica_2,1,ok,hazard,36,True,False,0.06019563926383853,0.0829894826747477,0.007260959129780531,1.2626380468718708,0.00024783704429864883,1.4133319649845362
3b,3b_replica_2,1,ok,safe,4,True,False,0.05914604710415006,0.05615121079608798,0.007200091145932674,0.7753895558416843,0.00010305596515536308,0.8979899608530104
3b,3b_replica_2,1,ok,safe,4,True,False,0.06618679920211434,0.04683957574889064,0.007090470287948847,0.6720664487220347,0.00010650092735886574,0.7922897948883474
3b,3b_replica_2,1,ok,safe,4,True,False,0.06637871637940407,0.04639449156820774,0.007311393041163683,0.6760411690920591,0.00010710489004850388,0.7962328749708831
3b,3b_replica_2,1,ok,hazard,31,True,False,0.05540149100124836,0.04237775690853596,0.007739870809018612,1.1794240763410926,0.00012902077287435532,1.2850722158327699
3b,3b_replica_2,1,ok,safe,4,True,False,0.06378974998369813,0.04215769236907363,0.007108071818947792,0.6756772338412702,0.00010501127690076828,0.7888377592898905
3b,3b_replica_2,1,ok,safe,4,True,False,0.06705937208607793,0.042123624589294195,0.007069077342748642,0.6751484777778387,0.00011218292638659477,0.7915127347223461
3b,3b_replica_2,1,ok,safe,4,True,False,0.06495750416070223,0.04181092698127031,0.007096214685589075,0.6792737343348563,0.00010377774015069008,0.7932421579025686
3b,3b_replica_2,1,ok,safe,4,True,False,0.06370695494115353,0.04253354901447892,0.007014081813395023,0.6798396613448858,0.00012078089639544487,0.7932150280103087
3b,3b_replica_2,1,ok,safe,4,True,False,0.055376335978507996,0.041934965178370476,0.0070652710273861885,0.6764747779816389,0.00011745002120733261,0.7809688001871109
3b,3b_replica_2,1,ok,safe,4,True,False,0.059805095195770264,0.04098018305376172,0.007181343622505665,0.6775842681527138,0.0001292238011956215,0.785680113825947
3b,3b_replica_2,1,ok,hazard,41,True,False,0.06849909899756312,0.04309775913134217,0.007108699064701796,1.3769328338094056,0.00018836744129657745,1.4958267584443092
3b,3b_replica_2,1,ok,safe,4,True,False,0.06262383796274662,0.04169592773541808,0.007061217911541462,0.6809815443120897,0.00012525590136647224,0.7924877838231623
3b,3b_replica_2,1,ok,safe,4,True,False,0.059882250148802996,0.040372387040406466,0.007119800895452499,0.6889329170808196,0.00011538760736584663,0.7964227427728474
3b,3b_replica_2,1,ok,safe,4,True,False,0.05751124303787947,0.03998044319450855,0.0071176569908857346,0.6868431260809302,0.00012198975309729576,0.7915744590573013
3b,3b_replica_2,1,ok,safe,4,True,False,0.06861798139289021,0.039063574746251106,0.007176714017987251,0.6918230871669948,0.00010983273386955261,0.8067911900579929
3b,3b_replica_2,1,ok,hazard,41,True,False,0.0592085300013423,0.038179397117346525,0.007078242022544146,1.3876007427461445,0.0004405542276799679,1.4925074661150575
3b,3b_replica_2,1,ok,safe,4,True,False,0.06534830899909139,0.038075610995292664,0.0071172830648720264,0.685234447941184,0.00012114318087697029,0.7958967941813171
3b,3b_replica_2,1,ok,safe,4,True,False,0.06254266994073987,0.040513735730201006,0.007167536299675703,0.6807117536664009,0.0001123109832406044,0.7910480066202581
3b,3b_replica_2,1,ok,safe,4,True,False,0.06308757001534104,0.04917170014232397,0.008230254985392094,0.6836895570158958,0.00010995427146553993,0.8042890364304185
3b,3b_replica_2,1,ok,safe,4,True,False,0.062457683961838484,0.03914875304326415,0.00715286610648036,0.6857461240142584,0.00010940572246909142,0.7946148328483105
3b,3b_replica_2,1,ok,safe,4,True,False,0.05939672887325287,0.0405722982250154,0.007055121008306742,0.6857688720338047,0.00011865375563502312,0.7929116738960147
3b,3b_replica_2,1,ok,hazard,38,True,False,0.0652795173227787,0.03871553065255284,0.007074714172631502,1.3175467690452933,0.00034423405304551125,1.428960765246302
3b,3b_replica_2,1,ok,safe,4,True,False,0.0586029258556664,0.03907161112874746,0.0071728588081896305,0.6891366122290492,0.00010876916348934174,0.794092777185142
3b,3b_replica_2,1,ok,hazard,39,True,False,0.06215499620884657,0.039053852669894695,0.007112458348274231,1.353415535762906,0.0003198101185262203,1.4620566531084478
3b,3b_replica_2,1,ok,safe,4,True,False,0.06418803008273244,0.038477727212011814,0.007168934680521488,0.6875807661563158,0.00010718079283833504,0.7975226389244199
3b,3b_replica_2,1,ok,safe,4,True,False,0.06304498203098774,0.03879982279613614,0.007228025235235691,0.695858689956367,0.00011207116767764091,0.8050435911864042
3b,3b_replica_2,1,ok,safe,4,True,False,0.05510721681639552,0.03878730908036232,0.007177998777478933,0.6908897953107953,0.00011348584666848183,0.7920758058317006
3b,3b_replica_2,1,ok,hazard,33,True,False,0.05900875525549054,0.03952610492706299,0.007235000841319561,1.243142428342253,0.00013827579095959663,1.3490505651570857
3b,3b_replica_2,1,ok,safe,4,True,False,0.06155587267130613,0.03999876603484154,0.007071750238537788,0.6859959540888667,0.00011218665167689323,0.7947345296852291
3b,3b_replica_2,1,ok,safe,4,True,False,0.06207352830097079,0.038227973971515894,0.007168863900005817,0.6897123148664832,0.00011284090578556061,0.7972955219447613
3b,3b_replica_2,1,ok,safe,4,True,False,0.06373887602239847,0.04110461287200451,0.007232869975268841,0.692529583349824,0.00011355103924870491,0.8047194932587445
3b,3b_replica_2,1,ok,hazard,41,True,False,0.05527258710935712,0.039047179743647575,0.00725099490955472,1.3820341671817005,0.0004522949457168579,1.4840572238899767
3b,3b_replica_2,1,ok,hazard,41,True,False,0.06651244219392538,0.04273997759446502,0.007465680129826069,1.397220293059945,0.0002834801562130451,1.5142218731343746
3b,3b_replica_2,1,ok,safe,4,True,False,0.058385301381349564,0.03932302072644234,0.0072386302053928375,0.6902608349919319,0.00011246372014284134,0.7953202510252595
3b,3b_replica_2,1,ok,safe,4,True,False,0.058922854252159595,0.03983443882316351,0.007083300035446882,0.6915696212090552,0.0001077079214155674,0.7975179222412407
3b,3b_replica_2,1,ok,hazard,44,True,False,0.06661346415057778,0.05168365826830268,0.007218373008072376,1.453960367012769,0.00030731456354260445,1.5797831770032644
3b,3b_replica_2,1,ok,hazard,41,True,False,0.060064157005399466,0.04218518501147628,0.007248427718877792,1.3992980839684606,0.00024270731955766678,1.5090385610237718
3b,3b_replica_2,1,ok,safe,4,True,False,0.06444839993491769,0.050672479905188084,0.007155478931963444,0.6955924681387842,0.0001065409742295742,0.817975367885083
3b,3b_replica_2,1,ok,hazard,33,True,False,0.05884644202888012,0.04041153518483043,0.007195387035608292,1.243949152994901,0.00012917816638946533,1.3505316954106092
3b,3b_replica_2,1,ok,safe,4,True,False,0.06331139709800482,0.0410911850631237,0.007435500156134367,0.7065539299510419,0.00011005392298102379,0.8185020661912858
3b,3b_replica_2,1,ok,safe,4,True,False,0.06263512372970581,0.04151091119274497,0.007199279963970184,0.7169685247354209,0.00011019734665751457,0.8284240369684994
3b,3b_replica_2,1,ok,safe,4,True,False,0.05723936064168811,0.040871662087738514,0.007174373138695955,0.790760425850749,0.00011137919500470161,0.8961572009138763
3b,3b_replica_2,1,ok,safe,4,True,False,0.06120985094457865,0.04765878105536103,0.008003232069313526,0.6990016140043736,0.00010881386697292328,0.8159822919405997
3b,3b_replica_2,1,ok,safe,4,True,False,0.06282599177211523,0.04214780917391181,0.007154366001486778,0.703240463975817,0.00011039804667234421,0.8154790289700031
3b,3b_replica_2,1,ok,safe,4,True,False,0.06586996279656887,0.04013788839802146,0.00733371963724494,0.7025821940042078,0.00010712305083870888,0.8160308878868818
3b,3b_replica_2,1,ok,safe,4,True,False,0.06589412223547697,0.04205729393288493,0.0071889678947627544,0.7076369640417397,0.0001173648051917553,0.8228947129100561
3b,3b_replica_2,1,ok,safe,4,True,False,0.06301295710727572,0.04078778764232993,0.007477062288671732,0.7010949761606753,0.00010957755148410797,0.8124823607504368
3b,3b_replica_2,1,ok,hazard,45,True,False,0.06060842098668218,0.039894673973321915,0.0074546607211232185,1.4763547852635384,0.00029554497450590134,1.5846080859191716
3b,3b_replica_2,1,ok,safe,4,True,False,0.06224816432222724,0.040271847974509,0.00732546579092741,0.7169353808276355,0.00011144531890749931,0.8268923042342067
3b,3b_replica_2,1,ok,safe,4,True,False,0.06279462808743119,0.041008404921740294,0.007442739326506853,0.7117121089249849,0.00010546064004302025,0.8230633419007063
3b,3b_replica_2,1,ok,safe,4,True,False,0.057975202798843384,0.04072255128994584,0.007369090802967548,0.7140592583455145,0.00011005857959389687,0.8202361618168652
3b,3b_replica_2,1,ok,hazard,41,True,False,0.06676501501351595,0.03947694692760706,0.007137855980545282,1.3979443772695959,0.0002439417876303196,1.5115681369788945
3b,3b_replica_2,1,ok,hazard,53,True,False,0.06197065394371748,0.04190681967884302,0.0072619239799678326,1.617472202051431,0.000424358993768692,1.729035958647728
3b,3b_replica_2,1,ok,hazard,36,True,False,0.06171914702281356,0.040896022226661444,0.007349038030952215,1.2984325648285449,0.0001860661432147026,1.4085828382521868
3b,3b_replica_2,1,ok,safe,4,True,False,0.06231854436919093,0.04218699363991618,0.009167912416160107,0.7046541119925678,0.0001124008558690548,0.818439963273704
3b,3b_replica_2,1,ok,hazard,37,True,False,0.06288556009531021,0.04068454680964351,0.007202446460723877,1.3189728087745607,0.0002080090343952179,1.4299533711746335
3b,3b_replica_2,1,ok,hazard,37,True,False,0.060348432045429945,0.04175335867330432,0.007488303352147341,1.3250051438808441,0.0001266668550670147,1.4347219048067927
3b,3b_replica_2,1,ok,safe,4,True,False,0.06657023262232542,0.06144816009327769,0.007548326160758734,0.7069592047482729,0.00011608423665165901,0.8426420078612864
3b,3b_replica_2,1,ok,safe,4,True,False,0.06939916592091322,0.04123701015487313,0.007140338886529207,0.7102365759201348,0.0001323898322880268,0.8281454807147384
3b,3b_replica_2,1,ok,safe,4,True,False,0.06244325637817383,0.04240478482097387,0.007450692821294069,0.7113214572891593,0.00012028077617287636,0.823740472085774
3b,3b_replica_2,1,ok,safe,4,True,False,0.06177228596061468,0.0433489540591836,0.00741359731182456,0.7110531800426543,0.00011173589155077934,0.8236997532658279
3b,3b_replica_2,1,ok,hazard,54,True,False,0.05722992494702339,0.043184847105294466,0.007397017907351255,1.6993118980899453,0.0005141510628163815,1.8076378391124308
3b,3b_replica_2,1,ok,safe,4,True,False,0.06190864695236087,0.04308662889525294,0.007497925776988268,0.6973257060162723,0.00011021643877029419,0.8099291240796447
3b,3b_replica_2,1,ok,safe,4,True,False,0.06475338200107217,0.042688705958426,0.007549113128334284,0.7015367369167507,0.00010875239968299866,0.8166366904042661
3b,3b_replica_2,1,ok,hazard,37,True,False,0.05559131084010005,0.042236380744725466,0.007235937286168337,1.3299839268438518,0.00021961098536849022,1.4352671667002141
3b,3b_replica_2,1,ok,hazard,41,True,False,0.06537906499579549,0.04327571298927069,0.00858732732012868,1.40514245769009,0.00025522010400891304,1.5226397830992937
3b,3b_replica_2,1,ok,safe,4,True,False,0.05810334486886859,0.04344143997877836,0.007528164889663458,0.7033848320133984,0.00010915612801909447,0.8125669378787279
3b,3b_replica_2,1,ok,safe,4,True,False,0.061084340792149305,0.044267199002206326,0.007670855149626732,0.7102853520773351,0.00010819174349308014,0.8234159387648106
3b,3b_replica_2,1,ok,safe,4,True,False,0.06807815097272396,0.04278053203597665,0.007483497262001038,0.7070440538227558,0.00011912407353520393,0.8255053581669927
3b,3b_replica_2,1,ok,safe,4,True,False,0.0625229305587709,0.042815974447876215,0.007327995728701353,0.7042161570861936,0.00010957801714539528,0.8169926358386874
3b,3b_replica_2,1,ok,safe,4,True,False,0.06839968310669065,0.04279256286099553,0.007514043245464563,0.7056326847523451,0.00011099595576524734,0.8244499699212611
3b,3b_replica_2,1,ok,safe,4,True,False,0.0629448420368135,0.042626510839909315,0.007292783819139004,0.7069745673798025,0.00011600786820054054,0.8199547119438648
3b,3b_replica_2,1,ok,hazard,37,True,False,0.06693582329899073,0.04280807077884674,0.007499089930206537,1.3413969608955085,0.00021409615874290466,1.4588540410622954
3b,3b_replica_2,1,ok,safe,4,True,False,0.06221397966146469,0.04301184322685003,0.007432409096509218,0.7029262678697705,0.00011001201346516609,0.8156945118680596
3b,3b_replica_2,1,ok,safe,4,True,False,0.06013971520587802,0.0430825836956501,0.0074048470705747604,0.7002737331204116,0.00010974286124110222,0.8110106219537556
3b,3b_replica_2,1,ok,safe,4,True,False,0.05970961507409811,0.04494930524379015,0.007274993695318699,0.7052578250877559,0.0001162220723927021,0.8173079611733556
3b,3b_replica_2,1,ok,safe,4,True,False,0.06140335509553552,0.043580634985119104,0.007623682729899883,0.6970991734415293,0.00010780477896332741,0.8098146510310471
3b,3b_replica_2,1,ok,safe,4,True,False,0.05906447395682335,0.042021007277071476,0.007347628008574247,0.6951088379137218,0.00010886508971452713,0.8036508122459054
3b,3b_replica_2,1,ok,hazard,45,True,False,0.06001334311440587,0.04358684876933694,0.007363929878920317,1.4895599321462214,0.00038851192221045494,1.600912565831095
3b,3b_replica_2,1,ok,safe,4,True,False,0.06260629091411829,0.042270843870937824,0.00751918088644743,0.7157053551636636,0.00011623511090874672,0.8282179059460759
3b,3b_replica_2,1,ok,safe,4,True,False,0.06322066206485033,0.0428750142455101,0.00748924957588315,0.7150941942818463,0.00011030398309230804,0.8287894241511822
3b,3b_replica_2,1,ok,hazard,48,True,False,0.060574731323868036,0.040659420657902956,0.007180080283433199,1.54743593884632,0.0003239070065319538,1.656174078118056
3b,3b_replica_2,1,ok,hazard,45,True,False,0.06527527095749974,0.04175962507724762,0.0075023300014436245,1.4733538120053709,0.00042469706386327744,1.5883157351054251
3b,3b_replica_2,1,ok,safe,4,True,False,0.06192715745419264,0.04287316557019949,0.007454021368175745,0.7125644637271762,0.00010552816092967987,0.8249243362806737
3b,3b_replica_2,1,ok,hazard,45,True,False,0.06213518464937806,0.04173525935038924,0.007463675923645496,1.5626347167417407,0.0003222161903977394,1.6742910528555512
3b,3b_replica_2,1,ok,safe,4,True,False,0.057454122230410576,0.040651116985827684,0.007615754846483469,0.7145735560916364,0.00011119293048977852,0.8204057430848479
3b,3b_replica_2,1,ok,hazard,55,True,False,0.058025358244776726,0.04080412816256285,0.007491313852369785,1.6614040229469538,0.00014516618102788925,1.767869989387691
3b,3b_replica_2,1,ok,hazard,36,True,False,0.05887210089713335,0.04194377828389406,0.007302548736333847,1.3049542913213372,0.0001955847255885601,1.413268303964287
3b,3b_replica_2,1,ok,safe,4,True,False,0.05251468811184168,0.04207519721239805,0.007420424837619066,0.711663484107703,0.00011317012831568718,0.8137869643978775
3b,3b_replica_2,1,ok,safe,4,True,False,0.062373321037739515,0.04054578533396125,0.007535325828939676,0.7145265261642635,0.00011716270819306374,0.825098121073097
3b,3b_replica_2,1,ok,hazard,48,True,False,0.06035764701664448,0.04069742327556014,0.007646448910236359,1.54585278686136,0.0003309352323412895,1.6548852412961423
3b,3b_replica_2,1,ok,safe,4,True,False,0.06225072592496872,0.05130820209160447,0.007357806898653507,0.711406993214041,0.00010310579091310501,0.8324268339201808
3b,3b_replica_2,1,ok,safe,4,True,False,0.0637235320173204,0.044182857032865286,0.007309907115995884,0.7168699009343982,0.00014720624312758446,0.8322334033437073
3b,3b_replica_2,1,ok,safe,4,True,False,0.06423866515979171,0.043755745980888605,0.007362615782767534,0.7190509620122612,0.0001115649938583374,0.8345195539295673
3b,3b_replica_2,1,ok,safe,4,True,False,0.06602215487509966,0.043662205804139376,0.007267381064593792,0.7174498112872243,0.00011066673323512077,0.8345122197642922
3b,3b_replica_2,1,ok,safe,4,True,False,0.058575171045958996,0.0433699362911284,0.007213147822767496,0.7140772258862853,0.0001146332360804081,0.8233501142822206
3b,3b_replica_2,1,ok,safe,4,True,False,0.06465457938611507,0.0426831366494298,0.007730513345450163,0.7200726945884526,0.0001139352098107338,0.8352548591792583
3b,3b_replica_2,1,ok,hazard,45,True,False,0.06391273392364383,0.04201586917042732,0.007297955919057131,1.492156745865941,0.0003561372868716717,1.605739442165941
3b,3b_replica_2,1,ok,hazard,45,True,False,0.05764527805149555,0.041881992015987635,0.007703632116317749,1.4915973767638206,0.00037694908678531647,1.599205228034407
3b,3b_replica_2,1,ok,hazard,53,True,False,0.05790347186848521,0.0442758509889245,0.008962870109826326,1.631104659754783,0.0003962521441280842,1.742643104866147
3b,3b_replica_2,1,ok,hazard,35,True,False,0.06589444307610393,0.04336758702993393,0.0072935339994728565,1.2815898270346224,0.00013139983639121056,1.3982767909765244
3b,3b_replica_2,1,ok,hazard,36,True,False,0.06566445995122194,0.04250203398987651,0.007884182035923004,1.3175684222951531,0.00020183203741908073,1.4338209303095937
3b,3b_replica_2,1,ok,hazard,48,True,False,0.04140488989651203,0.04367071622982621,0.007369348779320717,1.5384712661616504,0.00015466008335351944,1.631070881150663
3b,3b_replica_2,1,ok,hazard,37,True,False,0.05639389296993613,0.03964648628607392,0.007349641993641853,1.3268582141026855,0.00021522771567106247,1.4304634630680084
3b,3b_replica_2,1,ok,hazard,43,True,False,0.05914942314848304,0.04072537878528237,0.00743745407089591,1.4462602268904448,0.0002684192731976509,1.5538409021683037
3b,3b_replica_2,1,ok,hazard,36,True,False,0.06304993713274598,0.038827626034617424,0.007329750806093216,1.3191508403979242,0.0005890680477023125,1.4289472224190831
3b,3b_replica_2,1,ok,hazard,41,True,False,0.058753345627337694,0.039615698158741,0.007402497809380293,1.4233610522933304,0.00026213470846414566,1.5293947285972536
3b,3b_replica_2,1,ok,hazard,52,True,False,0.061905098147690296,0.040362740866839886,0.0074012079276144505,1.6245705359615386,0.0004900610074400902,1.7347296439111233
3b,3b_replica_2,1,ok,hazard,55,True,False,0.06054313899949193,0.04048059415072203,0.0074604530818760395,1.6759593822062016,0.0003211577422916889,1.7847647261805832
3b,3b_replica_2,1,ok,hazard,41,True,False,0.06129628559574485,0.040498956106603146,0.007303659338504076,1.402909951750189,0.00027902983129024506,1.5122878826223314
3b,3b_replica_2,1,ok,hazard,46,True,False,0.055192301981151104,0.04017126699909568,0.007332882843911648,1.5105661200359464,0.0003115730360150337,1.6135741448961198
3b,3b_replica_2,1,ok,hazard,53,True,False,0.059672958217561245,0.041723967995494604,0.0072526042349636555,1.6310555315576494,0.0004391181282699108,1.7401441801339388
3b,3b_replica_2,1,ok,hazard,39,True,False,0.05908195301890373,0.03964621899649501,0.007248884066939354,1.3669473207555711,0.0002424251288175583,1.4731668019667268
3b,3b_replica_2,1,ok,hazard,40,True,False,0.053758158814162016,0.04917571693658829,0.007478875108063221,1.3705923981033266,0.0002550799399614334,1.4812602289021015
3b,3b_replica_2,1,ok,hazard,41,True,False,0.06779979262501001,0.041475584264844656,0.007446561008691788,1.4110145960003138,0.0002682567574083805,1.5280047906562686
3b,3b_replica_2,1,ok,hazard,41,True,False,0.0632132082246244,0.04076487896963954,0.007675983011722565,1.4174347366206348,0.00029663601890206337,1.5293854428455234
3b,3b_replica_2,1,ok,hazard,39,True,False,0.0640266896225512,0.04060988826677203,0.007597530726343393,1.3642805092968047,0.0002511199563741684,1.4767657378688455
3b,3b_replica_2,1,ok,hazard,44,True,False,0.05419320473447442,0.044025066308677197,0.007673447020351887,1.4727692906744778,0.00025101006031036377,1.5789120187982917
3b,3b_replica_2,1,ok,hazard,37,True,False,0.060188225004822016,0.0430560689419508,0.007513700984418392,1.3306688647717237,0.0001973351463675499,1.4416241948492825
3b,3b_replica_2,1,ok,hazard,35,True,False,0.059760504867881536,0.04293193016201258,0.007351052016019821,1.2898758361116052,0.0005993708036839962,1.400518693961203
3b,3b_replica_2,1,ok,hazard,47,True,False,0.05981930671259761,0.043819628190249205,0.007811868097633123,1.4960789675824344,0.0002916431985795498,1.607821413781494
3b,3b_replica_2,1,ok,hazard,40,True,False,0.060651371255517006,0.044106550980359316,0.007591004017740488,1.3832678929902613,0.00020763278007507324,1.4958244520239532
3b,3b_replica_2,1,ok,hazard,39,True,False,0.06172212725505233,0.042186157777905464,0.0074659669771790504,1.3694858332164586,0.00022035790607333183,1.4810804431326687
3b,3b_replica_2,1,ok,hazard,45,True,False,0.049871661234647036,0.03998464485630393,0.008161335717886686,1.493542471434921,0.0003467476926743984,1.591906860936433
3b,3b_replica_2,1,ok,safe,4,True,False,0.05737640615552664,0.04418990993872285,0.007504896726459265,0.7140481653623283,0.00010585272684693336,0.823225230909884
3b,3b_replica_2,1,ok,hazard,44,True,False,0.05629962915554643,0.043018035124987364,0.0073489779606461525,1.459033531602472,0.0002781893126666546,1.5659783631563187
3b,3b_replica_2,1,ok,hazard,44,True,False,0.060243938118219376,0.04330856865271926,0.007471022196114063,1.5395228620618582,0.00014730868861079216,1.6506936997175217
3b,3b_replica_2,1,ok,hazard,43,True,False,0.06425064988434315,0.04218650469556451,0.0076143210753798485,1.429893173277378,0.00023550773039460182,1.5441801566630602
3b,3b_replica_2,1,ok,hazard,49,True,False,0.04692713916301727,0.04117037868127227,0.0073240711353719234,1.5551458392292261,0.0003242357634007931,1.6508916639722884
3b,3b_replica_2,1,ok,hazard,45,True,False,0.058702957816421986,0.04117570025846362,0.007675474975258112,1.4826907347887754,0.0001504160463809967,1.5903952838853002
3b,3b_replica_2,1,ok,hazard,37,True,False,0.06829245388507843,0.042559079360216856,0.007531407754868269,1.3262665471993387,0.00019771279767155647,1.4448472009971738
3b,3b_replica_2,1,ok,hazard,56,True,False,0.058479995001107454,0.04060929687693715,0.007287299260497093,1.6909190178848803,0.00014824513345956802,1.7974438541568816
3b,3b_replica_2,1,ok,hazard,53,True,False,0.06125344429165125,0.04244018392637372,0.007484142668545246,1.618676446378231,0.0003867028281092644,1.7302409200929105
3b,3b_replica_2,1,ok,hazard,40,True,False,0.059331431053578854,0.04166207369416952,0.007430262863636017,1.386607312131673,0.0001335800625383854,1.4951646598055959
3b,3b_replica_2,1,ok,hazard,42,True,False,0.06729331472888589,0.04134477023035288,0.007214283104985952,1.4172947220504284,0.00013230275362730026,1.5332793928682804
3b,3b_replica_2,1,ok,hazard,47,True,False,0.058392693754285574,0.041639894247055054,0.007475400809198618,1.525232053361833,0.0003284839913249016,1.6330685261636972
3b,3b_replica_2,1,ok,hazard,31,True,False,0.058539493940770626,0.04474570509046316,0.007453453727066517,1.218693858012557,0.00012772297486662865,1.329560233745724
3b,3b_replica_2,1,ok,hazard,55,True,False,0.06006445689126849,0.04302622517570853,0.007469757925719023,1.6689527090638876,0.0004098438657820225,1.7799229929223657
3b,3b_replica_2,1,ok,hazard,45,True,False,0.06375204678624868,0.043545293156057596,0.0073236869648098946,1.4805300291627645,0.0002827639691531658,1.595433820039034
3b,3b_replica_2,1,ok,hazard,43,True,False,0.061041224747896194,0.04395122127607465,0.008590243756771088,1.452703154180199,0.00040148012340068817,1.5666873240843415
3b,3b_replica_2,1,ok,hazard,36,True,False,0.05700935097411275,0.0419482528232038,0.007227140013128519,1.305717202834785,0.00015865033492445946,1.4120605969801545
3b,3b_replica_2,1,ok,hazard,39,True,False,0.062341155018657446,0.04223601287230849,0.008083916269242764,1.373936876654625,0.00019807415083050728,1.4867960349656641
3b,3b_replica_2,1,ok,hazard,41,True,False,0.060406697914004326,0.04257488623261452,0.007206193637102842,1.403728567995131,0.00019147340208292007,1.5141078191809356
3b,3b_replica_2,1,ok,hazard,44,True,False,0.05832259589806199,0.051953405141830444,0.007108907215297222,1.4624648909084499,0.0002952190116047859,1.5801450181752443
3b,3b_replica_2,1,ok,hazard,37,True,False,0.06692967424169183,0.04027293203398585,0.007123685907572508,1.3266021059826016,0.00018583005294203758,1.4411142282187939
3b,3b_replica_2,1,ok,hazard,39,True,False,0.06649313634261489,0.041464791633188725,0.007160192355513573,1.3752806819975376,0.0002444097772240639,1.4906432121060789
3b,3b_replica_2,1,ok,hazard,42,True,False,0.06408567493781447,0.04256761586293578,0.007280968129634857,1.4286961918696761,0.0002688821405172348,1.5428993329405785
3b,3b_replica_2,1,ok,safe,4,True,False,0.06314883101731539,0.0417682658880949,0.007261804770678282,0.7058273809961975,0.0001191883347928524,0.8181254710070789
3b,3b_replica_2,1,ok,hazard,47,True,False,0.06452761916443706,0.041561853140592575,0.007146537769585848,1.5072270212695003,0.00043072691187262535,1.6208937582559884
3b,3b_replica_2,1,ok,hazard,37,True,False,0.06410480616614223,0.042716634925454855,0.0074089402332901955,1.3132436438463628,0.00021284492686390877,1.427686870098114
3b,3b_replica_2,1,ok,hazard,44,True,False,0.05999263469129801,0.0404062201268971,0.0072170342318713665,1.4589311126619577,0.00028396304696798325,1.5668309647589922
3b,3b_replica_2,1,ok,hazard,61,True,False,0.0622988143004477,0.04132982902228832,0.007305630948394537,1.7900062850676477,0.0005398700013756752,1.901480429340154
3b,3b_replica_2,1,ok,hazard,47,True,False,0.060052232816815376,0.04138155421242118,0.007347931154072285,1.5074099567718804,0.0002603628672659397,1.6164520378224552
3b,3b_replica_2,1,ok,hazard,39,True,False,0.05720656318590045,0.04189324891194701,0.007347121834754944,1.3797362470068038,0.0007628872990608215,1.486946068238467
3b,3b_replica_2,1,ok,hazard,46,True,False,0.05005342373624444,0.040462416131049395,0.007210996001958847,1.4843172100372612,0.0005480931140482426,1.5825921390205622
3b,3b_replica_2,1,ok,hazard,37,True,False,0.06128582917153835,0.04310453310608864,0.00720368605107069,1.3298615817911923,0.0006244750693440437,1.442080105189234
3b,3b_replica_2,1,ok,safe,4,True,False,0.06090559856966138,0.04265845799818635,0.007134204264730215,0.7150579751469195,0.00011469097808003426,0.8258709269575775
3b,3b_replica_2,1,ok,hazard,45,True,False,0.060047684237360954,0.04298115288838744,0.007292745169252157,1.4764885636977851,0.00032193539664149284,1.5871320813894272
3b,3b_replica_2,1,ok,hazard,38,True,False,0.06160037685185671,0.039745943155139685,0.007257786113768816,1.3516425299458206,0.0001338520087301731,1.460380488075316
3b,3b_replica_2,1,ok,hazard,37,True,False,0.05556786200031638,0.0403953418135643,0.007167886942625046,1.3319809003733099,0.00015753181651234627,1.435269522946328
3b,3b_replica_2,1,ok,hazard,37,True,False,0.06563367275521159,0.03841919498518109,0.007119284942746162,1.3313214560039341,0.0006440221332013607,1.4431376308202744
3b,3b_replica_2,1,ok,hazard,36,True,False,0.057459075935184956,0.049987774807959795,0.007254251278936863,1.3144239699468017,0.000692151952534914,1.4298172239214182
3b,3b_replica_2,1,ok,safe,4,True,False,0.059145279694348574,0.03945194138213992,0.007122315000742674,0.7166618988849223,0.00011010607704520226,0.8224915410391986
3b,3b_replica_2,1,ok,hazard,46,True,False,0.05991670722141862,0.0412035146728158,0.00727058993652463,1.4939977461472154,0.000293118879199028,1.6026816768571734
3b,3b_replica_2,1,ok,hazard,37,True,False,0.049539078027009964,0.045645883306860924,0.007976815104484558,1.3247148049995303,0.00013639777898788452,1.4280129792168736
3b,3b_replica_2,1,ok,hazard,49,True,False,0.05928001133725047,0.040514568798244,0.007138054817914963,1.5536726671271026,0.00038849981501698494,1.660993801895529
3b,3b_replica_2,1,ok,hazard,43,True,False,0.06052673514932394,0.0405498007312417,0.0070681520737707615,1.4343885369598866,0.0002798810601234436,1.5428131059743464
3b,3b_replica_2,1,ok,hazard,45,True,False,0.06385067198425531,0.04007047601044178,0.007193018216639757,1.562644668854773,0.00028900010511279106,1.6740478351712227
3b,3b_replica_2,1,ok,hazard,56,True,False,0.05892050685361028,0.040710322093218565,0.007385123986750841,1.6748370970599353,0.00036889081820845604,1.7822219408117235
3b,3b_replica_2,1,ok,hazard,41,True,False,0.06004747608676553,0.04102746909484267,0.007198429200798273,1.3942817905917764,0.0002070763148367405,1.5027622412890196
3b,3b_replica_2,1,ok,hazard,33,True,False,0.0635089548304677,0.039378215093165636,0.007164140231907368,1.2561204666271806,0.0001285020262002945,1.3663002788089216
3b,3b_replica_2,1,ok,hazard,49,True,False,0.0629580207169056,0.03973633423447609,0.007176488172262907,1.552582013886422,0.0002634897828102112,1.6627163467928767
3b,3b_replica_2,1,ok,hazard,36,True,False,0.06766142789274454,0.04159718519076705,0.007165418937802315,1.303603895008564,0.00012942496687173843,1.4201573519967496
3b,3b_replica_2,1,ok,hazard,38,True,False,0.05995315033942461,0.04635235061869025,0.007081672083586454,1.3412150922231376,0.00014373008161783218,1.4547459953464568
3b,3b_replica_2,1,ok,hazard,48,True,False,0.06069747777655721,0.040532476268708706,0.0071450588293373585,1.5359555571340024,0.00028620800003409386,1.6446167780086398
3b,3b_replica_2,1,ok,hazard,36,True,False,0.05923532508313656,0.04023756878450513,0.007129424251616001,1.3077406659722328,0.000145771075040102,1.4144887551665306
3b,3b_replica_2,1,ok,hazard,44,True,False,0.05820916220545769,0.042509912978857756,0.007262249942868948,1.4524202798493207,0.00024629803374409676,1.5606479030102491
3b,3b_replica_2,1,ok,hazard,40,True,False,0.05869115283712745,0.04798134928569198,0.0073866830207407475,1.3832526737824082,0.00014118291437625885,1.4974530418403447
3b,3b_replica_2,1,ok,hazard,37,True,False,0.06054998468607664,0.04201071709394455,0.0071662310510873795,1.3320345128886402,0.0007099960930645466,1.4424714418128133
3b,3b_replica_2,1,ok,hazard,40,True,False,0.05786075023934245,0.04129535285755992,0.007226157002151012,1.3792456607334316,0.00013340823352336884,1.4857613290660083
3b,3b_replica_2,1,ok,safe,4,True,False,0.06158357486128807,0.04302087379619479,0.007166504394263029,0.7164430599659681,0.0001104939728975296,0.8283245069906116
3b,3b_replica_2,1,ok,hazard,50,True,False,0.06140419188886881,0.03883318090811372,0.0070953951217234135,1.5726298103109002,0.00030225561931729317,1.6802648338489234
3b,3b_replica_2,1,ok,hazard,42,True,False,0.06692832196131349,0.043270237278193235,0.007174454629421234,1.424841208383441,0.00016041705384850502,1.5423746393062174
3b,3b_replica_2,1,ok,hazard,40,True,False,0.053957308642566204,0.03989118104800582,0.007684430107474327,1.3713100762106478,0.00021945685148239136,1.4730624528601766
3b,3b_replica_2,1,ok,hazard,50,True,False,0.060803122352808714,0.04010516591370106,0.007197889965027571,1.5703273401595652,0.0003420636057853699,1.678775581996888
3b,3b_replica_2,1,ok,hazard,52,True,False,0.05949880462139845,0.03964472934603691,0.007200258783996105,1.6086770370602608,0.0003520539030432701,1.7153728837147355
3b,3b_replica_2,1,ok,hazard,47,True,False,0.06006567878648639,0.045127290301024914,0.007995862979441881,1.5024496549740434,0.00026395684108138084,1.615902443882078
3b,3b_replica_2,1,ok,hazard,44,True,False,0.05995198804885149,0.040688417851924896,0.007413649931550026,1.4567018412053585,0.00023299409076571465,1.5649888911284506
3b,3b_replica_2,1,ok,hazard,45,True,False,0.060148082207888365,0.03854450583457947,0.007161022163927555,1.491871020756662,0.00014018407091498375,1.5978648150339723
3b,3b_replica_2,1,ok,hazard,45,True,False,0.06266933912411332,0.04225351382046938,0.0072161550633609295,1.4866948621347547,0.00027311407029628754,1.5991069842129946
3b,3b_replica_2,1,ok,hazard,37,True,False,0.06025589909404516,0.03999900305643678,0.007330475840717554,1.3225280889309943,0.0006047273054718971,1.4307181942276657
3b,3b_replica_2,1,ok,hazard,42,True,False,0.06184824928641319,0.042194344103336334,0.008275007829070091,1.4207762219011784,0.0002086288295686245,1.5333024519495666
3b,3b_replica_2,1,ok,hazard,38,True,False,0.06624387297779322,0.040862669702619314,0.0073259249329566956,1.3460879880003631,0.0006146980449557304,1.461135153658688
3b,3b_replica_2,1,ok,hazard,38,True,False,0.0625194082967937,0.04078765865415335,0.0073506091721355915,1.3547763731330633,0.0006734179332852364,1.4661074671894312
3b,3b_replica_2,1,ok,hazard,46,True,False,0.06002201093360782,0.04079861892387271,0.007590428926050663,1.4895267961546779,0.00024765077978372574,1.5981855057179928
3b,3b_replica_2,1,ok,hazard,40,True,False,0.059125127736479044,0.04822120629251003,0.007606556639075279,1.393569819163531,0.00018804799765348434,1.508710757829249
3b,3b_replica_2,1,ok,hazard,31,True,False,0.05275322264060378,0.04362113121896982,0.007407934870570898,1.2078405651263893,0.00012216717004776,1.3117450210265815
3b,3b_replica_2,1,ok,hazard,34,True,False,0.05921938084065914,0.04381341906264424,0.007251132745295763,1.2787733222357929,0.0006220950745046139,1.3896793499588966
3b,3b_replica_2,2,ok,hazard,53,True,False,0.062097467947751284,0.04511925205588341,0.007544141728430986,1.6191724301315844,0.0001473408192396164,1.7340806326828897
3b,3b_replica_2,2,ok,hazard,36,True,False,0.0600461158901453,0.041830264031887054,0.007067414931952953,1.3136271489784122,0.000610732939094305,1.4231816767714918
3b,3b_replica_2,2,ok,safe,4,True,False,0.058990996796637774,0.04292682511731982,0.007491725962609053,0.7119706491939723,0.00010878173634409904,0.8214889788068831
3b,3b_replica_2,2,ok,safe,4,True,False,0.06534633319824934,0.04310497781261802,0.0075781820341944695,0.714907028246671,0.00011112773790955544,0.8310476490296423
3b,3b_replica_2,2,ok,safe,4,True,False,0.06604537693783641,0.04186540003865957,0.007726102136075497,0.7141181258484721,0.00010778894647955894,0.8298627939075232
3b,3b_replica_2,2,ok,hazard,38,True,False,0.05569434305652976,0.04169194493442774,0.0077109504491090775,1.3539945986121893,0.00019942037761211395,1.459291257429868
3b,3b_replica_2,2,ok,safe,4,True,False,0.06362895481288433,0.039904965087771416,0.007188803981989622,0.6989454510621727,0.00010746018961071968,0.8097756351344287
3b,3b_replica_2,2,ok,safe,4,True,False,0.06355219287797809,0.04034371394664049,0.007320383097976446,0.696157714817673,0.00011456897482275963,0.8074885737150908
3b,3b_replica_2,2,ok,safe,4,True,False,0.06454557832330465,0.040184938814491034,0.007348707877099514,0.7065101810730994,0.00010481104254722595,0.8186942171305418
3b,3b_replica_2,2,ok,safe,4,True,False,0.06263909721747041,0.04616511985659599,0.008009611163288355,0.7094796760939062,0.00011295685544610023,0.826406461186707
3b,3b_replica_2,2,ok,safe,4,True,False,0.05583322700113058,0.03939631022512913,0.00716039864346385,0.7071832912042737,0.00010307319462299347,0.8096763002686203
3b,3b_replica_2,2,ok,safe,4,True,False,0.05883052386343479,0.04058627039194107,0.0072165317833423615,0.8141657379455864,0.00010710721835494041,0.9209061712026596
3b,3b_replica_2,2,ok,hazard,41,True,False,0.06538554886355996,0.04342553298920393,0.010835816152393818,1.3961915941908956,0.0002312585711479187,1.5160697507672012
3b,3b_replica_2,2,ok,safe,4,True,False,0.0625628069974482,0.040947406087070704,0.007501570042222738,0.7113627609796822,0.0001098737120628357,0.8224844178184867
3b,3b_replica_2,2,ok,safe,4,True,False,0.05883617838844657,0.040697152726352215,0.007323626894503832,0.7134794611483812,0.00011157989501953125,0.8204479990527034
3b,3b_replica_2,2,ok,safe,4,True,False,0.05733144702389836,0.04054541373625398,0.007025471888482571,0.718416013289243,0.00012804102152585983,0.8234463869594038
3b,3b_replica_2,2,ok,safe,4,True,False,0.06598293595016003,0.04295482486486435,0.007510616909712553,0.7097055800259113,0.00010450603440403938,0.8262584637850523
3b,3b_replica_2,2,ok,hazard,41,True,False,0.058401371352374554,0.04207284701988101,0.007299166638404131,1.4040003214031458,0.00023672962561249733,1.512010436039418
3b,3b_replica_2,2,ok,safe,4,True,False,0.06465208064764738,0.041095706168562174,0.007322454825043678,0.710228527430445,0.00010989466682076454,0.823408663738519
3b,3b_replica_2,2,ok,safe,4,True,False,0.05916523700580001,0.04012445593252778,0.0071375309489667416,0.715246933978051,0.0001018899492919445,0.8217760478146374
3b,3b_replica_2,2,ok,safe,4,True,False,0.06315947184339166,0.043137000408023596,0.00919574685394764,0.712706240825355,0.00011177314445376396,0.8283102330751717
3b,3b_replica_2,2,ok,safe,4,True,False,0.06320495205000043,0.040441029239445925,0.007101399824023247,0.7111800550483167,0.00010781409218907356,0.8220352502539754
3b,3b_replica_2,2,ok,safe,4,True,False,0.06376349925994873,0.04059828585013747,0.007532498799264431,0.7135108504444361,0.00010133953765034676,0.825506473891437
3b,3b_replica_2,2,ok,hazard,38,True,False,0.06835106294602156,0.04189428687095642,0.0072962031699717045,1.3385367481969297,0.00013153860345482826,1.4562098397873342
3b,3b_replica_2,2,ok,safe,4,True,False,0.058661993127316236,0.041876195929944515,0.007253547199070454,0.7042492730543017,0.00011529866605997086,0.8121563079766929
3b,3b_replica_2,2,ok,hazard,45,True,False,0.06218446884304285,0.04050591681152582,0.007515238132327795,1.4664243701845407,0.00026166392490267754,1.57689165789634
3b,3b_replica_2,2,ok,safe,4,True,False,0.06424444494768977,0.04131986293941736,0.007097641937434673,0.7065130239352584,0.00010951701551675797,0.819284490775317
3b,3b_replica_2,2,ok,safe,4,True,False,0.06281671160832047,0.04043962201103568,0.007396952249109745,0.7061398457735777,0.0001097233034670353,0.8169028549455106
3b,3b_replica_2,2,ok,safe,4,True,False,0.05502680083736777,0.041312668938189745,0.007282373961061239,0.7064936980605125,0.00010811211541295052,0.8102236539125443
3b,3b_replica_2,2,ok,hazard,33,True,False,0.058941620867699385,0.04253913415595889,0.007507596164941788,1.244518242776394,0.0006054681725800037,1.354112062137574
3b,3b_replica_2,2,ok,safe,4,True,False,0.05899349320679903,0.04210771806538105,0.007496375124901533,0.7111023957841098,0.00010582897812128067,0.8198058111593127
3b,3b_replica_2,2,ok,safe,4,True,False,0.06242262618616223,0.04213847080245614,0.007458493113517761,0.7146641938015819,0.00010967114940285683,0.8267934550531209
3b,3b_replica_2,2,ok,safe,4,True,False,0.06293647782877088,0.041435405146330595,0.007391150109469891,0.7127413917332888,0.00011119106784462929,0.8246156158857048
3b,3b_replica_2,2,ok,hazard,41,True,False,0.05596384312957525,0.04104081680998206,0.007129381410777569,1.4060831586830318,0.0002334672026336193,1.5104506672360003
3b,3b_replica_2,2,ok,hazard,41,True,False,0.0661742901429534,0.04328483482822776,0.0075102620758116245,1.399382357019931,0.0002134786918759346,1.5165652227587998
3b,3b_replica_2,2,ok,safe,4,True,False,0.05851048184558749,0.04237806424498558,0.007321683689951897,0.7123041399754584,0.00011225603520870209,0.820626625791192
3b,3b_replica_2,2,ok,safe,4,True,False,0.05883693275973201,0.04353495594114065,0.007283892948180437,0.7119216402061284,0.00011280691251158714,0.821690228767693
3b,3b_replica_2,2,ok,hazard,44,True,False,0.06610265513882041,0.04448725515976548,0.00754375196993351,1.4551037629134953,0.0003825039602816105,1.5736199291422963
3b,3b_replica_2,2,ok,hazard,41,True,False,0.06024247361347079,0.043975386302918196,0.007360326126217842,1.3974130395799875,0.00020058639347553253,1.50919181201607
3b,3b_replica_2,2,ok,safe,4,True,False,0.06394211389124393,0.044183044228702784,0.007061359006911516,0.7137611880898476,0.00010572001338005066,0.8290534252300858
3b,3b_replica_2,2,ok,hazard,33,True,False,0.05893044313415885,0.043680860195308924,0.007439801935106516,1.2549993777647614,0.00012744497507810593,1.3651779280044138
3b,3b_replica_2,2,ok,safe,4,True,False,0.062361063901335,0.043722355272620916,0.007311076857149601,0.7085146801546216,0.00011321203783154488,0.8220223882235587
3b,3b_replica_2,2,ok,safe,4,True,False,0.06277465773746371,0.04276416124776006,0.007727928925305605,0.7112800129689276,0.00012256111949682236,0.8246693219989538
3b,3b_replica_2,2,ok,safe,4,True,False,0.05659642303362489,0.04126666905358434,0.007385868113487959,0.7104441737756133,0.00011304114013910294,0.8158061751164496
3b,3b_replica_2,2,ok,safe,4,True,False,0.06111600995063782,0.04220020491629839,0.0073870341293513775,0.7102458239533007,0.00011189701035618782,0.8210609699599445
3b,3b_replica_2,2,ok,safe,4,True,False,0.0627808989956975,0.039264824241399765,0.0070685651153326035,0.7107228506356478,0.0001084599643945694,0.8199455989524722
3b,3b_replica_2,2,ok,safe,4,True,False,0.0662290551699698,0.04023009492084384,0.0070923068560659885,0.7159948023036122,0.00011192169040441513,0.8296581809408963
3b,3b_replica_2,2,ok,safe,4,True,False,0.06524377129971981,0.040568459779024124,0.007772616110742092,0.7046252791769803,0.0001070220023393631,0.8183171483688056
3b,3b_replica_2,2,ok,safe,4,True,False,0.06243843398988247,0.040660800877958536,0.007265985943377018,0.70256137708202,0.00010254699736833572,0.8130291448906064
3b,3b_replica_2,2,ok,hazard,45,True,False,0.06098178680986166,0.041913383174687624,0.007244396954774857,1.465323068201542,0.0002807099372148514,1.575743345078081
3b,3b_replica_2,2,ok,safe,4,True,False,0.062173440121114254,0.04061489272862673,0.007290358189493418,0.7084310739301145,0.00011071003973484039,0.8186204750090837
3b,3b_replica_2,2,ok,safe,4,True,False,0.06370619498193264,0.040826812852174044,0.007341369986534119,0.7099610609002411,0.00010561617091298103,0.8219410548917949
3b,3b_replica_2,2,ok,safe,4,True,False,0.058109349105507135,0.04096415499225259,0.007302444893866777,0.7083154530264437,0.00011945003643631935,0.8148108520545065
3b,3b_replica_2,2,ok,hazard,44,True,False,0.06718843337148428,0.04299485683441162,0.007415114901959896,1.45751001406461,0.0002614562399685383,1.5753698754124343
3b,3b_replica_2,2,ok,hazard,53,True,False,0.06191982002928853,0.0408175983466208,0.007536220829933882,1.8185748951509595,0.0003844616003334522,1.9292329959571362
3b,3b_replica_2,2,ok,hazard,36,True,False,0.06229670578613877,0.04032642813399434,0.00740836001932621,1.2967143571004272,0.000664805993437767,1.4074106570333242
3b,3b_replica_2,2,ok,safe,4,True,False,0.06375488499179482,0.05356060713529587,0.007340353913605213,0.7085404428653419,0.00010902201756834984,0.8333053109236062
3b,3b_replica_2,2,ok,hazard,37,True,False,0.06621563388034701,0.04672692995518446,0.008294887840747833,1.3296860409900546,0.0005911150947213173,1.4515146077610552
3b,3b_replica_2,2,ok,hazard,37,True,False,0.06046743365004659,0.04094990296289325,0.007690493017435074,1.3268796922639012,0.0006465031765401363,1.4366340250708163
3b,3b_replica_2,2,ok,safe,4,True,False,0.06584896799176931,0.04175633657723665,0.0076481313444674015,0.7126304036937654,0.00011076638475060463,0.8279946059919894
3b,3b_replica_2,2,ok,safe,4,True,False,0.0709926700219512,0.04045984102413058,0.007612667046487331,0.7145129702985287,0.00010565575212240219,0.8336838041432202
3b,3b_replica_2,2,ok,safe,4,True,False,0.058844527695328,0.04162011435255408,0.007558883633464575,0.7115506981499493,0.00011041900143027306,0.8196846428327262
3b,3b_replica_2,2,ok,safe,4,True,False,0.06163506954908371,0.04065342806279659,0.007344258017838001,0.7133576050400734,0.00010409113019704819,0.8230944517999887
3b,3b_replica_2,2,ok,hazard,54,True,False,0.058793661184608936,0.05272140679880977,0.007599956355988979,1.6889227526262403,0.0005444702692329884,1.808582247234881
3b,3b_replica_2,2,ok,safe,4,True,False,0.06145258015021682,0.04027659399434924,0.00748034892603755,0.717567952349782,0.00011218059808015823,0.8268896560184658
3b,3b_replica_2,2,ok,safe,4,True,False,0.06483629019930959,0.04219144396483898,0.007695050910115242,0.7103506289422512,0.00011537224054336548,0.8251887862570584
3b,3b_replica_2,2,ok,hazard,40,True,False,0.05517262080684304,0.04077193420380354,0.00751950778067112,1.3868765803053975,0.00022431695833802223,1.4905649600550532
3b,3b_replica_2,2,ok,hazard,41,True,False,0.06856886204332113,0.04125423077493906,0.0075041321106255054,1.4169008289463818,0.00020394101738929749,1.5344319948926568
3b,3b_replica_2,2,ok,safe,4,True,False,0.058062713127583265,0.04110791068524122,0.007708667311817408,0.7038954487070441,0.00010959804058074951,0.8108843378722668
3b,3b_replica_2,2,ok,safe,4,True,False,0.06141491187736392,0.04257993400096893,0.007610450033098459,0.7133272020146251,0.00010432489216327667,0.8250368228182197
3b,3b_replica_2,2,ok,safe,4,True,False,0.06808832474052906,0.041048380080610514,0.007660935167223215,0.706880038138479,0.00010984065011143684,0.8237875187769532
3b,3b_replica_2,2,ok,safe,4,True,False,0.06261876504868269,0.0415023029781878,0.007510516792535782,0.7089588884264231,0.0001112818717956543,0.820701755117625
3b,3b_replica_2,2,ok,safe,4,True,False,0.06839220924302936,0.04232769273221493,0.007348508108407259,0.711188075132668,0.00011322973296046257,0.82936971494928
3b,3b_replica_2,2,ok,safe,4,True,False,0.06296438397839665,0.04039408592507243,0.007568029221147299,0.7105815168470144,0.00011771731078624725,0.8216257332824171
3b,3b_replica_2,2,ok,hazard,53,True,False,0.06424598209559917,0.041186461225152016,0.007760846987366676,1.6335609038360417,0.0003998768515884876,1.747154070995748
3b,3b_replica_2,2,ok,safe,4,True,False,0.062228999100625515,0.04099089279770851,0.007597059942781925,0.716513697989285,0.00011166231706738472,0.8274423121474683
3b,3b_replica_2,2,ok,safe,4,True,False,0.05940683605149388,0.0409695147536695,0.007421666290611029,0.7121973466128111,0.00011241110041737556,0.8201077748090029
3b,3b_replica_2,2,ok,safe,4,True,False,0.06032314198091626,0.04121099412441254,0.00741595309227705,0.7124529760330915,0.00011217594146728516,0.8215152411721647
3b,3b_replica_2,2,ok,safe,4,True,False,0.06179860467091203,0.041568059008568525,0.007715305313467979,0.713698762934655,0.00011585699394345284,0.8248965889215469
3b,3b_replica_2,2,ok,safe,4,True,False,0.05937354266643524,0.04057884635403752,0.007441388908773661,0.7094717668369412,0.00011371215805411339,0.8169792569242418
3b,3b_replica_2,2,ok,hazard,39,True,False,0.060230338014662266,0.04084486607462168,0.007471264805644751,1.3662432422861457,0.00022266479209065437,1.475012375973165
3b,3b_replica_2,2,ok,safe,4,True,False,0.06272641662508249,0.042299201246351004,0.011125622782856226,0.7088066800497472,0.0001155058853328228,0.8250734265893698
3b,3b_replica_2,2,ok,safe,4,True,False,0.061779006849974394,0.04166466882452369,0.007537557277828455,0.7055070227943361,0.00011046091094613075,0.8165987166576087
3b,3b_replica_2,2,ok,hazard,48,True,False,0.05977158900350332,0.04079425800591707,0.007644008845090866,1.528895806055516,0.0003399420529603958,1.6374456039629877
3b,3b_replica_2,2,ok,hazard,45,True,False,0.06571311317384243,0.04115888616070151,0.007682817056775093,1.473257194738835,0.0001406632363796234,1.5879526743665338
3b,3b_replica_2,2,ok,safe,4,True,False,0.06196032790467143,0.04042809410020709,0.007351031061261892,0.7118080616928637,0.00011193286627531052,0.8216594476252794
3b,3b_replica_2,2,ok,hazard,45,True,False,0.061475851107388735,0.04080393770709634,0.007822521962225437,1.49839406600222,0.0002624331973493099,1.6087588099762797
3b,3b_replica_2,2,ok,safe,4,True,False,0.05828442517668009,0.04134429804980755,0.007645667064934969,0.7169439448043704,0.00011297594755887985,0.8243313110433519
3b,3b_replica_2,2,ok,hazard,55,True,False,0.0596197540871799,0.04614701587706804,0.007662951946258545,1.6858344040811062,0.0004148809239268303,1.7996790069155395
3b,3b_replica_2,2,ok,hazard,36,True,False,0.05699107889086008,0.04100520024076104,0.007665189914405346,1.329757641069591,0.00017310772091150284,1.435592217836529
3b,3b_replica_2,2,ok,safe,4,True,False,0.05328685278072953,0.042489743791520596,0.007643611170351505,0.7103151739574969,0.00011218618601560593,0.8138475678861141
3b,3b_replica_2,2,ok,safe,4,True,False,0.06237710593268275,0.046291750855743885,0.008209914434701204,0.7064009020105004,0.0001089116558432579,0.8233885848894715
3b,3b_replica_2,2,ok,hazard,48,True,False,0.060517091769725084,0.04392680712044239,0.007605250924825668,1.5393772120587528,0.00032433681190013885,1.651750698685646
3b,3b_replica_2,2,ok,safe,4,True,False,0.06195318838581443,0.0452206558547914,0.007574988063424826,0.7101443000137806,0.00011071702465415001,0.8250038493424654
3b,3b_replica_2,2,ok,safe,4,True,False,0.06372358789667487,0.041821539867669344,0.0076479241251945496,0.7113681631162763,0.00011020898818969727,0.8246714239940047
3b,3b_replica_2,2,ok,safe,4,True,False,0.06539065390825272,0.04132332606241107,0.007714319042861462,0.7161485450342298,0.00011219782754778862,0.8306890418753028
3b,3b_replica_2,2,ok,safe,4,True,False,0.06564805982634425,0.04135325597599149,0.007510622963309288,0.8075744789093733,0.0001044110395014286,0.9221908287145197
3b,3b_replica_2,2,ok,safe,4,True,False,0.055359217803925276,0.04084368888288736,0.007589953951537609,0.7095024073496461,0.00011232960969209671,0.8134075975976884
3b,3b_replica_2,2,ok,safe,4,True,False,0.0635734242387116,0.040550699923187494,0.0072680250741541386,0.7055407711304724,0.00010832678526639938,0.817041247151792
3b,3b_replica_2,2,ok,hazard,45,True,False,0.0625675180926919,0.0417693960480392,0.00768491392955184,1.4779246980324388,0.00041681528091430664,1.590363341383636
3b,3b_replica_2,2,ok,hazard,45,True,False,0.0590689848177135,0.04223868576809764,0.007540473248809576,1.4911001231521368,0.00013539567589759827,1.6000836626626551
3b,3b_replica_2,2,ok,hazard,53,True,False,0.06110088201239705,0.0417151409201324,0.007634378969669342,1.6483305543661118,0.00038683367893099785,1.7591677899472415
3b,3b_replica_2,2,ok,hazard,35,True,False,0.06439720606431365,0.0490048760548234,0.007617047987878323,1.3031758647412062,0.0001462940126657486,1.4243412888608873
3b,3b_replica_2,2,ok,hazard,36,True,False,0.06555320369079709,0.041606595274060965,0.007636179681867361,1.3170780590735376,0.0006265221163630486,1.432500559836626
3b,3b_replica_2,2,ok,hazard,48,True,False,0.04112741304561496,0.04122017603367567,0.007628018036484718,1.5420972229912877,0.00025219982489943504,1.6323250299319625
3b,3b_replica_2,2,ok,hazard,35,True,False,0.056400752160698175,0.04185767192393541,0.007480850908905268,1.2983403508551419,0.00059083616361022,1.404670462012291
3b,3b_replica_2,2,ok,hazard,43,True,False,0.0591454547829926,0.041270912159234285,0.007544118911027908,1.4308362109586596,0.00022005802020430565,1.5390167548321187
3b,3b_replica_2,2,ok,hazard,36,True,False,0.06494392920285463,0.0457748151384294,0.0076261586509644985,1.3182699112221599,0.0006573591381311417,1.4372721733525395
3b,3b_replica_2,2,ok,hazard,41,True,False,0.058766116853803396,0.041792331263422966,0.007692720741033554,1.4036791631951928,0.0006660139188170433,1.5125963459722698
3b,3b_replica_2,2,ok,hazard,55,True,False,0.0619170400314033,0.04135881317779422,0.007705617696046829,1.665625561028719,0.0001524672843515873,1.7767594992183149
3b,3b_replica_2,2,ok,hazard,55,True,False,0.061309726908802986,0.0418345401994884,0.00766698969528079,1.6755520850419998,0.0003878548741340637,1.786751196719706
3b,3b_replica_2,2,ok,hazard,41,True,False,0.06202467903494835,0.04063167795538902,0.0075872112065553665,1.3981666238978505,0.00016194302588701248,1.5085721351206303
3b,3b_replica_2,2,ok,hazard,46,True,False,0.055206452030688524,0.045514208264648914,0.008153488859534264,1.514405433088541,0.0001356089487671852,1.62341519119218
3b,3b_replica_2,2,ok,hazard,53,True,False,0.059143626131117344,0.039170005824416876,0.007306971121579409,1.6407325197942555,0.00015192897990345955,1.7465050518512726
3b,3b_replica_2,2,ok,hazard,39,True,False,0.05905374186113477,0.04027756489813328,0.007664728909730911,1.3730195350944996,0.00014035822823643684,1.480155928991735
3b,3b_replica_2,2,ok,hazard,40,True,False,0.053101391065865755,0.041725273709744215,0.007544325198978186,1.3975049960426986,0.0001869560219347477,1.5000629420392215
3b,3b_replica_2,2,ok,hazard,41,True,False,0.06782821705564857,0.03892690595239401,0.0075109852477908134,1.4001157809980214,0.00021114200353622437,1.514593031257391
3b,3b_replica_2,2,ok,hazard,41,True,False,0.0637918752618134,0.04080327972769737,0.00772037822753191,1.4004419618286192,0.00021475087851285934,1.5129722459241748
3b,3b_replica_2,2,ok,hazard,39,True,False,0.06375536089763045,0.0412181350402534,0.00796818407252431,1.3699693619273603,0.0001336652785539627,1.4830447072163224
3b,3b_replica_2,2,ok,hazard,44,True,False,0.05434863828122616,0.041948975063860416,0.007788223680108786,1.4623910733498633,0.0002792687155306339,1.5667561790905893
3b,3b_replica_2,2,ok,hazard,37,True,False,0.0606199586763978,0.04026756528764963,0.007495553698390722,1.324666635133326,0.0001495787873864174,1.4331992915831506
3b,3b_replica_2,2,ok,hazard,35,True,False,0.05923249991610646,0.040754732210189104,0.007797896862030029,1.2974841380491853,0.000708519946783781,1.4059777869842947
3b,3b_replica_2,2,ok,hazard,47,True,False,0.060319927986711264,0.04122420912608504,0.007638134993612766,1.5056633781641722,0.00026709167286753654,1.6151127419434488
3b,3b_replica_2,2,ok,hazard,47,True,False,0.06062403088435531,0.04241573717445135,0.0075799645856022835,1.5009873313829303,0.0002522398717701435,1.6118593038991094
3b,3b_replica_2,2,ok,hazard,39,True,False,0.061553903855383396,0.041358623187988997,0.007751441560685635,1.3595167100429535,0.00016783224418759346,1.4703485108911991
3b,3b_replica_2,2,ok,hazard,45,True,False,0.04917882429435849,0.0408602268435061,0.00770352128893137,1.4721482177264988,0.00021264515817165375,1.5701034353114665
3b,3b_replica_2,2,ok,safe,4,True,False,0.05744705582037568,0.04198573809117079,0.0075912619940936565,0.7088447129353881,0.00011008791625499725,0.8159788567572832
3b,3b_replica_2,2,ok,hazard,54,True,False,0.05631195195019245,0.04309892188757658,0.007622332777827978,1.6380964610725641,0.00035893218591809273,1.7454885998740792
3b,3b_replica_2,2,ok,hazard,44,True,False,0.060073875822126865,0.040680523961782455,0.0075235748663544655,1.4651888092048466,0.00026002898812294006,1.5737268128432333
3b,3b_replica_2,2,ok,hazard,43,True,False,0.06423754710704088,0.04032139899209142,0.007220153231173754,1.4355696397833526,0.00021896325051784515,1.5475677023641765
3b,3b_replica_2,2,ok,hazard,49,True,False,0.046357784420251846,0.04145373171195388,0.007624902296811342,1.5406510476022959,0.00026304926723241806,1.6363505152985454
3b,3b_replica_2,2,ok,hazard,44,True,False,0.05853278189897537,0.04175987793132663,0.007718946319073439,1.4608611417934299,0.00020250119268894196,1.5690752491354942
3b,3b_replica_2,2,ok,hazard,37,True,False,0.0689756041392684,0.04070395603775978,0.007548964116722345,1.313709712587297,0.000713973306119442,1.431652210187167
3b,3b_replica_2,2,ok,hazard,54,True,False,0.05869743786752224,0.04201008100062609,0.007379679009318352,1.6470210771076381,0.0003518429584801197,1.755460117943585
3b,3b_replica_2,2,ok,hazard,53,True,False,0.06020821491256356,0.04243922885507345,0.0076762232929468155,1.6122365039773285,0.00029833288863301277,1.7228585039265454
3b,3b_replica_2,2,ok,hazard,40,True,False,0.05932254996150732,0.0401876769028604,0.007696663960814476,1.3822173639200628,0.00015083421021699905,1.489575088955462
3b,3b_replica_2,2,ok,hazard,42,True,False,0.06736081978306174,0.04048542585223913,0.007496120408177376,1.4153037979267538,0.0006878599524497986,1.5313340239226818
3b,3b_replica_2,2,ok,hazard,47,True,False,0.058202813379466534,0.04354510456323624,0.007976189255714417,1.5930473990738392,0.00014575477689504623,1.7029172610491514
3b,3b_replica_2,2,ok,hazard,31,True,False,0.0587368281558156,0.042313515208661556,0.007551006972789764,1.214068511966616,0.00012321770191192627,1.3227930800057948
3b,3b_replica_2,2,ok,hazard,55,True,False,0.06044161319732666,0.044624743051826954,0.0076212030835449696,1.6539414767175913,0.00042389892041683197,1.7670529349707067
3b,3b_replica_2,2,ok,hazard,45,True,False,0.06301174499094486,0.04476563818752766,0.007446602918207645,1.4662591642700136,0.0002611069940030575,1.5817442573606968
3b,3b_replica_2,2,ok,hazard,43,True,False,0.05862178700044751,0.04212385602295399,0.0075758579187095165,1.434763585217297,0.00017209211364388466,1.543257178273052
3b,3b_replica_2,2,ok,hazard,36,True,False,0.05368039710447192,0.043885143008083105,0.007533704861998558,1.3097956371493638,0.0006508748047053814,1.4155457569286227
3b,3b_replica_2,2,ok,hazard,39,True,False,0.061664795037359,0.042749937158077955,0.0076139336451888084,1.3622810482047498,0.0006701620295643806,1.47497987607494
3b,3b_replica_2,2,ok,hazard,41,True,False,0.06040418893098831,0.0431148367933929,0.007394962944090366,1.3920862153172493,0.00019087083637714386,1.503191074822098
3b,3b_replica_2,2,ok,hazard,44,True,False,0.058041284792125225,0.041970912367105484,0.0076286219991743565,1.4496629280038178,0.00021745869889855385,1.5575212058611214
3b,3b_replica_2,2,ok,hazard,37,True,False,0.06704439874738455,0.042750915978103876,0.007654393091797829,1.326390909962356,0.0001487787812948227,1.4439893965609372
3b,3b_replica_2,2,ok,hazard,39,True,False,0.06352645484730601,0.040819425135850906,0.007210263051092625,1.354244926944375,0.0007275347597897053,1.4665286047384143
3b,3b_replica_2,2,ok,hazard,39,True,False,0.06413754122331738,0.04392624692991376,0.008108546026051044,1.350832227151841,0.0006708437576889992,1.4676754050888121
3b,3b_replica_2,2,ok,safe,4,True,False,0.06323817605152726,0.04382375907152891,0.00773586193099618,0.7052972856909037,0.00010942714288830757,0.8202045098878443
3b,3b_replica_2,2,ok,hazard,47,True,False,0.06254939781501889,0.04308759514242411,0.00759706599637866,1.5052673290483654,0.00014827772974967957,1.6186496657319367
3b,3b_replica_2,2,ok,hazard,37,True,False,0.06389054702594876,0.04695669421926141,0.007248362991958857,1.32409352902323,0.0006483038887381554,1.4428374371491373
3b,3b_replica_2,2,ok,hazard,44,True,False,0.06015889020636678,0.04328986583277583,0.007718297187238932,1.4562064670026302,0.00022625597193837166,1.5675997762009501
3b,3b_replica_2,2,ok,hazard,61,True,False,0.06161272386088967,0.04285637894645333,0.007553247269243002,1.7701670797541738,0.0004595010541379452,1.8826489308848977
3b,3b_replica_2,2,ok,hazard,47,True,False,0.06066889455541968,0.043223693035542965,0.007675345987081528,1.513408862054348,0.0002559809945523739,1.6252327766269445
3b,3b_replica_2,2,ok,hazard,39,True,False,0.05771648930385709,0.0420157415792346,0.00757728423923254,1.3564438591711223,0.00015402492135763168,1.4639073992148042
3b,3b_replica_2,2,ok,hazard,48,True,False,0.050673291087150574,0.04350442020222545,0.0076126717031002045,1.5316688632592559,0.00027471501380205154,1.6337339612655342
3b,3b_replica_2,2,ok,hazard,37,True,False,0.0611148658208549,0.04200336616486311,0.007590197958052158,1.316808382049203,0.0006029428914189339,1.428119754884392
3b,3b_replica_2,2,ok,safe,4,True,False,0.05770478770136833,0.042851211968809366,0.007686513941735029,0.7123608510009944,0.00011623138561844826,0.8207195959985256
3b,3b_replica_2,2,ok,hazard,45,True,False,0.05980190495029092,0.04735228093340993,0.007761636283248663,1.4849798516370356,0.0002630520612001419,1.6001587258651853
3b,3b_replica_2,2,ok,hazard,38,True,False,0.06168836401775479,0.04181648511439562,0.007435256615281105,1.3587195160798728,0.0001268712803721428,1.4697864931076765
3b,3b_replica_2,2,ok,hazard,37,True,False,0.05547306686639786,0.05023062415421009,0.007700060959905386,1.31844137981534,0.0005390970036387444,1.4323842287994921
3b,3b_replica_2,2,ok,hazard,37,True,False,0.06666023982688785,0.06319041503593326,0.008873776998370886,1.3214058401063085,0.0006477232091128826,1.4607779951766133
3b,3b_replica_2,2,ok,hazard,36,True,False,0.05752519331872463,0.04277849104255438,0.007585047744214535,1.3048270242288709,0.0006127506494522095,1.4133285069838166
3b,3b_replica_2,2,ok,safe,4,True,False,0.0591913778334856,0.04229219490662217,0.007691195234656334,0.7090809429064393,0.00012162327766418457,0.8183773341588676
3b,3b_replica_2,2,ok,hazard,43,True,False,0.0602802038192749,0.040801586117595434,0.00762049900367856,1.4310322608798742,0.00022533023729920387,1.5399598800577223
3b,3b_replica_2,2,ok,hazard,37,True,False,0.05015561310574412,0.0420816158875823,0.007622669916599989,1.3339716861955822,0.0007045930251479149,1.4345361781306565
3b,3b_replica_2,2,ok,hazard,49,True,False,0.05895117297768593,0.04171494394540787,0.007696299348026514,1.5466746990568936,0.0002701147459447384,1.6553072300739586
3b,3b_replica_2,2,ok,hazard,43,True,False,0.06057981913909316,0.042421956080943346,0.0076399738900363445,1.4343838430941105,0.0001481901854276657,1.545173782389611
3b,3b_replica_2,2,ok,hazard,45,True,False,0.06343440292403102,0.04140074597671628,0.007621344178915024,1.463721226900816,0.00014263205230236053,1.5763203520327806
3b,3b_replica_2,2,ok,hazard,56,True,False,0.05954651581123471,0.04079065611585975,0.007289264816790819,1.670631487853825,0.0005434569902718067,1.7788013815879822
3b,3b_replica_2,2,ok,hazard,41,True,False,0.060102507937699556,0.04203468840569258,0.007624374702572823,1.4029502049088478,0.0001954701729118824,1.5129072461277246
3b,3b_replica_2,2,ok,hazard,33,True,False,0.06334120826795697,0.06868067476898432,0.007596783805638552,1.2452198080718517,0.00012628594413399696,1.3849647608585656
3b,3b_replica_2,2,ok,hazard,49,True,False,0.06391342496499419,0.04383720410987735,0.010750254150480032,1.5574513729661703,0.000610071700066328,1.6765623278915882
3b,3b_replica_2,2,ok,hazard,36,True,False,0.07025335589423776,0.041082851123064756,0.007778717204928398,1.302335163578391,0.0005580820143222809,1.4220081698149443
3b,3b_replica_2,2,ok,hazard,38,True,False,0.05991055630147457,0.042228953912854195,0.007790642790496349,1.3488412373699248,0.0007074708119034767,1.4594788611866534
3b,3b_replica_2,2,ok,hazard,48,True,False,0.06085574999451637,0.062265194952487946,0.010138201992958784,1.530291480012238,0.00032118288800120354,1.6638718098402023
3b,3b_replica_2,2,ok,hazard,36,True,False,0.05853107897564769,0.04426923906430602,0.007575181778520346,1.2994635752402246,0.0005813040770590305,1.4104203791357577
3b,3b_replica_2,2,ok,hazard,44,True,False,0.058110603131353855,0.04414830496534705,0.00743650970980525,1.4629600462503731,0.00024193478748202324,1.5728973988443613
3b,3b_replica_2,2,ok,hazard,40,True,False,0.05930045899003744,0.04250153014436364,0.007601495832204819,1.481985460035503,0.00018672412261366844,1.5915756691247225
3b,3b_replica_2,2,ok,hazard,37,True,False,0.06050688400864601,0.04313351958990097,0.007552315015345812,1.3294534380547702,0.0006243400275707245,1.4412704966962337
3b,3b_replica_2,2,ok,hazard,40,True,False,0.057606488931924105,0.04235532693564892,0.007078152149915695,1.3863244750536978,0.00018761586397886276,1.4935520589351654
3b,3b_replica_2,2,ok,safe,4,True,False,0.06162694841623306,0.04381688358262181,0.007460172288119793,0.702486814931035,0.00010508578270673752,0.8154959050007164
3b,3b_replica_2,2,ok,hazard,50,True,False,0.0614202581346035,0.04441588092595339,0.008124106097966433,1.5585287138819695,0.00029379501938819885,1.672782754059881
3b,3b_replica_2,2,ok,hazard,42,True,False,0.06678254017606378,0.04160873778164387,0.0071931881830096245,1.4082006090320647,0.00013365410268306732,1.523918729275465
3b,3b_replica_2,2,ok,hazard,40,True,False,0.05360583309084177,0.04138678405433893,0.007143167778849602,1.3905977411195636,0.00014175381511449814,1.4928752798587084
3b,3b_replica_2,2,ok,hazard,53,True,False,0.06058195885270834,0.042398830875754356,0.007465250324457884,1.620631840545684,0.0003741723485291004,1.7314520529471338
3b,3b_replica_2,2,ok,hazard,52,True,False,0.05952575197443366,0.04289216734468937,0.007522074040025473,1.590714263729751,0.00029977085068821907,1.7009540279395878
3b,3b_replica_2,2,ok,hazard,47,True,False,0.06115075806155801,0.04462976614013314,0.007818249054253101,1.5105196610093117,0.0002451799809932709,1.6243636142462492
3b,3b_replica_2,2,ok,hazard,44,True,False,0.06019595777615905,0.04442723793908954,0.007526494096964598,1.448611841071397,0.00026004109531641006,1.5610215719789267
3b,3b_replica_2,2,ok,hazard,45,True,False,0.0601971410214901,0.04307645978406072,0.008424870204180479,1.4573671910911798,0.000241721048951149,1.5693073831498623
3b,3b_replica_2,2,ok,hazard,44,True,False,0.06234429404139519,0.04216571385040879,0.007582782302051783,1.46093395864591,0.00013880804181098938,1.5731655568815768
3b,3b_replica_2,2,ok,hazard,37,True,False,0.0599752520211041,0.040172933135181665,0.007223567925393581,1.3161846450529993,0.0006803632713854313,1.424236761406064
3b,3b_replica_2,2,ok,hazard,42,True,False,0.06173153920099139,0.040967538952827454,0.007578109856694937,1.4191487561911345,0.00013333698734641075,1.5295592811889946
3b,3b_replica_2,2,ok,hazard,38,True,False,0.06630049599334598,0.04049844294786453,0.007608660962432623,1.349273754749447,0.0007018633186817169,1.464383217971772
3b,3b_replica_2,2,ok,hazard,41,True,False,0.06265358813107014,0.04610750777646899,0.008109350223094225,1.3769477070309222,0.00013881409540772438,1.4939569672569633
3b,3b_replica_2,2,ok,hazard,46,True,False,0.06077888514846563,0.047447976656258106,0.007957099005579948,1.4836486810818315,0.0002039722166955471,1.6000366141088307
3b,3b_replica_2,2,ok,hazard,40,True,False,0.05801160121336579,0.04343466693535447,0.007944251876324415,1.3761920062825084,0.0007683997973799706,1.486350926104933
3b,3b_replica_2,2,ok,hazard,31,True,False,0.05333892675116658,0.044213805347681046,0.007985287811607122,1.2138653360307217,0.00013009505346417427,1.3195334509946406
3b,3b_replica_2,2,ok,hazard,34,True,False,0.05984442215412855,0.043124523013830185,0.007953147869557142,1.2628770750015974,0.00015711598098278046,1.373956284020096
7b,7b_replica_1,1,ok,hazard,31,True,False,0.060095086228102446,0.08323386078700423,0.00725711090490222,1.6012787409126759,0.0001252773217856884,1.7519900761544704
7b,7b_replica_1,1,ok,hazard,39,True,False,0.06097820866852999,0.05009904317557812,0.008301455993205309,1.816931868903339,0.0001460229977965355,1.9364565997384489
7b,7b_replica_1,1,ok,safe,4,True,False,0.059001753106713295,0.04431151691824198,0.007084533106535673,0.895214342046529,0.00011577270925045013,1.0057279178872705
7b,7b_replica_1,1,ok,safe,4,True,False,0.06513390690088272,0.037656490225344896,0.007248284760862589,0.9828816340304911,0.00011250237002968788,1.093032818287611
7b,7b_replica_1,1,ok,safe,4,True,False,0.06586167914792895,0.03866215702146292,0.007093457970768213,0.8931951960548759,0.00011067604646086693,1.0049231662414968
7b,7b_replica_1,1,ok,safe,4,True,False,0.05555083975195885,0.03852022020146251,0.007275952957570553,0.8961822800338268,0.00013890303671360016,0.9976681959815323
7b,7b_replica_1,1,ok,safe,4,True,False,0.06651851907372475,0.03862082678824663,0.0070821070112288,0.8951976457610726,0.00011903233826160431,1.0075381309725344
7b,7b_replica_1,1,ok,safe,4,True,False,0.06356112193316221,0.039888013154268265,0.007104723248630762,0.8947526677511632,0.0001184120774269104,1.0054249381646514
7b,7b_replica_1,1,ok,hazard,39,True,False,0.06464583007618785,0.038979298900812864,0.007170552387833595,1.8272164878435433,0.00043897703289985657,1.9384511462412775
7b,7b_replica_1,1,ok,safe,4,True,False,0.06517037702724338,0.03808055678382516,0.007143071386963129,0.8966484358534217,0.00011785188689827919,1.0071602929383516
7b,7b_replica_1,1,ok,hazard,37,True,False,0.05504604382440448,0.037744245026260614,0.007093701045960188,1.775457281153649,0.0003639589995145798,1.875705230049789
7b,7b_replica_1,1,ok,safe,4,True,False,0.05903757596388459,0.04297005198895931,0.008525150828063488,0.9002710529603064,0.00013599731028079987,1.0109398290514946
7b,7b_replica_1,1,ok,hazard,38,True,False,0.06571891438215971,0.03851641481742263,0.007472697179764509,1.8064943407662213,0.00031353719532489777,1.918515904340893
7b,7b_replica_1,1,ok,safe,4,True,False,0.06326405005529523,0.037612332962453365,0.00739531172439456,0.9023592961020768,0.0001454758457839489,1.0107764666900039
7b,7b_replica_1,1,ok,safe,4,True,False,0.05919356411322951,0.03938290709629655,0.007275556679815054,0.9007622352801263,0.00011718412861227989,1.0067314472980797
7b,7b_replica_1,1,ok,safe,4,True,False,0.05734010320156813,0.038616017904132605,0.007428011856973171,0.9048007549718022,0.00011581135913729668,1.0083006992936134
7b,7b_replica_1,1,ok,safe,4,True,False,0.06587140588089824,0.04000610578805208,0.007303124293684959,0.9083628528751433,0.0001160530373454094,1.021659541875124
7b,7b_replica_1,1,ok,hazard,46,True,False,0.059348855167627335,0.03924182802438736,0.0074836257845163345,2.031629724893719,0.0003761881962418556,2.138080222066492
7b,7b_replica_1,1,ok,safe,4,True,False,0.06485015200451016,0.03824105719104409,0.007437314838171005,0.9088533469475806,0.00011947611346840858,1.0195013470947742
7b,7b_replica_1,1,ok,hazard,56,True,False,0.05920035531744361,0.038713601883500814,0.0074663241393864155,2.296634152997285,0.0005052927881479263,2.402519727125764
7b,7b_replica_1,1,ok,safe,4,True,False,0.06392646068707108,0.03775071306154132,0.007237376179546118,0.9078786200843751,0.00011326884850859642,1.0169064388610423
7b,7b_replica_1,1,ok,safe,4,True,False,0.06255332520231605,0.03873740881681442,0.00734928622841835,0.9079429926350713,0.00011362601071596146,1.016696638893336
7b,7b_replica_1,1,ok,hazard,43,True,False,0.059511135797947645,0.039487328846007586,0.007296693045645952,1.9494334133341908,0.00033582281321287155,2.056064393837005
7b,7b_replica_1,1,ok,hazard,40,True,False,0.06532482011243701,0.038866609800606966,0.007300329394638538,1.8636163617484272,0.0004039178602397442,1.9755120389163494
7b,7b_replica_1,1,ok,safe,4,True,False,0.05928308004513383,0.039843915961682796,0.007570615969598293,0.9211865230463445,0.00011367304250597954,1.0279978080652654
7b,7b_replica_1,1,ok,hazard,39,True,False,0.06228410778567195,0.03987480094656348,0.007599635981023312,1.8637301549315453,0.00023636315017938614,1.9737250627949834
7b,7b_replica_1,1,ok,safe,4,True,False,0.06397977797314525,0.04253350384533405,0.009834642056375742,0.9187979279085994,0.00011138105764985085,1.0352572328411043
7b,7b_replica_1,1,ok,safe,4,True,False,0.06279441528022289,0.04006369598209858,0.007664269767701626,0.92130082892254,0.00011451821774244308,1.0319377281703055
7b,7b_replica_1,1,ok,safe,4,True,False,0.055052801966667175,0.03792318981140852,0.007393785286694765,0.9229792598634958,0.00011404184624552727,1.0234630787745118
7b,7b_replica_1,1,ok,hazard,27,True,False,0.05973017727956176,0.04159084102138877,0.00958947278559208,1.5293060611002147,0.00013026688247919083,1.6403468190692365
7b,7b_replica_1,1,ok,safe,4,True,False,0.059222939889878035,0.039620908442884684,0.007575631607323885,0.9212456559762359,0.0001141643151640892,1.0277793002314866
7b,7b_replica_1,1,ok,safe,4,True,False,0.06285677896812558,0.03920899610966444,0.00768862571567297,0.9149667983874679,0.0001142239198088646,1.0248354231007397
7b,7b_replica_1,1,ok,safe,4,True,False,0.06297087669372559,0.04039137205109,0.007787896320223808,0.9260858977213502,0.00011032028123736382,1.037346363067627
7b,7b_replica_1,1,ok,safe,4,True,False,0.0562311140820384,0.04599581006914377,0.007497965823858976,0.928879139944911,0.00010914914309978485,1.038713179063052
7b,7b_replica_1,1,ok,hazard,42,True,False,0.07031115097925067,0.03932904824614525,0.007860873825848103,1.9384208042174578,0.0001530880108475685,2.0560749652795494
7b,7b_replica_1,1,ok,safe,4,True,False,0.058260579127818346,0.037508415058255196,0.007660257630050182,0.9334887713193893,0.00014620181173086166,1.037064224947244
7b,7b_replica_1,1,ok,safe,4,True,False,0.061704015359282494,0.038231377955526114,0.007823074702173471,0.928428771905601,0.00011149002239108086,1.0362987299449742
7b,7b_replica_1,1,ok,safe,4,True,False,0.06619972502812743,0.038278964813798666,0.007702570874243975,0.926034898031503,0.0001180153340101242,1.0383341740816832
7b,7b_replica_1,1,ok,hazard,40,True,False,0.060118783731013536,0.03714171936735511,0.007739387918263674,1.8971748379990458,0.000379110686480999,2.002553839702159
7b,7b_replica_1,1,ok,safe,4,True,False,0.06575921876356006,0.037284614983946085,0.0074955252930521965,0.9250128925777972,0.00011576525866985321,1.0356680168770254
7b,7b_replica_1,1,ok,hazard,27,True,False,0.05959850922226906,0.03752298699691892,0.007827007677406073,1.5534844910725951,0.00012837117537856102,1.6585613661445677
7b,7b_replica_1,1,ok,hazard,40,True,False,0.06234306376427412,0.037245437037199736,0.0073543391190469265,1.8959654839709401,0.0001578829251229763,2.003066206816584
7b,7b_replica_1,1,ok,safe,4,True,False,0.06274869199842215,0.03888772474601865,0.007785836234688759,0.9340232177637517,0.00011161621659994125,1.0435570869594812
7b,7b_replica_1,1,ok,hazard,39,True,False,0.05675004422664642,0.03851273376494646,0.007498180028051138,1.874028499238193,0.0002272818237543106,1.9770167390815914
7b,7b_replica_1,1,ok,safe,4,True,False,0.06114372378215194,0.03839684510603547,0.007589832879602909,0.9266097978688776,0.00011920137330889702,1.0338594010099769
7b,7b_replica_1,1,ok,safe,4,True,False,0.06357595510780811,0.03771793097257614,0.007164808921515942,1.0156113556586206,0.00010992027819156647,1.1241799709387124
7b,7b_replica_1,1,ok,safe,4,True,False,0.06889789178967476,0.03798561077564955,0.00875724945217371,0.9198301499709487,0.00011401902884244919,1.0355849210172892
7b,7b_replica_1,1,ok,safe,4,True,False,0.0662731952033937,0.03700745990499854,0.007543222978711128,0.9268012838438153,0.00012174434959888458,1.0377469062805176
7b,7b_replica_1,1,ok,safe,4,True,False,0.06287166802212596,0.03807346476241946,0.007475677877664566,0.9074880322441459,0.00011956179514527321,1.0160284047015011
7b,7b_replica_1,1,ok,hazard,47,True,False,0.06082155089825392,0.039190640207380056,0.007979393936693668,2.060993753839284,0.000386115163564682,2.1693714540451765
7b,7b_replica_1,1,ok,safe,4,True,False,0.06221061199903488,0.036729395389556885,0.007162052672356367,0.9372161133214831,0.00011453777551651001,1.0434327111579478
7b,7b_replica_1,1,ok,safe,4,True,False,0.06286389473825693,0.03785582398995757,0.007756739389151335,0.9402614957652986,0.00012685824185609818,1.0488648121245205
7b,7b_replica_1,1,ok,hazard,39,True,False,0.058570106979459524,0.03928633593022823,0.007899078074842691,1.8831546902656555,0.00024642376229166985,1.9891566350124776
7b,7b_replica_1,1,ok,safe,4,True,False,0.06765924766659737,0.03910286445170641,0.007699132896959782,0.9358470379374921,0.00011769775301218033,1.0504259807057679
7b,7b_replica_1,1,ok,hazard,53,True,False,0.06194090796634555,0.04517900198698044,0.007771103177219629,2.2571764276362956,0.00036581698805093765,2.372433257754892
7b,7b_replica_1,1,ok,safe,4,True,False,0.061568239238113165,0.04040253069251776,0.007770375348627567,0.9321725945919752,0.00012074830010533333,1.042034488171339
7b,7b_replica_1,1,ok,safe,4,True,False,0.06243088282644749,0.03813696699216962,0.0076386332511901855,0.9366341256536543,0.0001112762838602066,1.0449518850073218
7b,7b_replica_1,1,ok,hazard,37,True,False,0.06370693119242787,0.058396185748279095,0.0077914162538945675,1.8164132027886808,0.00021478207781910896,1.9465225180611014
7b,7b_replica_1,1,ok,hazard,44,True,False,0.060377276968210936,0.04051662003621459,0.007731917779892683,1.9838396641425788,0.00017468305304646492,2.0926401619799435
7b,7b_replica_1,1,ok,safe,4,True,False,0.06619420601055026,0.039289114996790886,0.007503037340939045,0.9362794528715312,0.00011660996824502945,1.0493824211880565
7b,7b_replica_1,1,ok,hazard,38,True,False,0.06824904214590788,0.03992564417421818,0.007848076988011599,1.8441267157904804,0.00026948191225528717,1.9604189610108733
7b,7b_replica_1,1,ok,safe,4,True,False,0.05900599295273423,0.04577923193573952,0.010126101318746805,0.9480715217068791,0.00010819919407367706,1.0630910471081734
7b,7b_replica_1,1,ok,safe,4,True,False,0.06204354576766491,0.04459933191537857,0.00796580035239458,0.9156919699162245,0.0001173890195786953,1.0304180369712412
7b,7b_replica_1,1,ok,hazard,40,True,False,0.056883400306105614,0.03903611982241273,0.008143397979438305,1.8910516272298992,0.0003132978454232216,1.995427843183279
7b,7b_replica_1,1,ok,safe,4,True,False,0.06156827602535486,0.04045844776555896,0.007881653029471636,0.9438591692596674,0.0001273718662559986,1.0538949179463089
7b,7b_replica_1,1,ok,safe,4,True,False,0.06509529193863273,0.04048098810017109,0.007615701295435429,0.9193520578555763,0.0001152530312538147,1.0326592922210693
7b,7b_replica_1,1,ok,hazard,39,True,False,0.055047606118023396,0.04014787683263421,0.007870506960898638,1.8535797009244561,0.00022910721600055695,1.956874798052013
7b,7b_replica_1,1,ok,hazard,38,True,False,0.0684842518530786,0.040339651983231306,0.007474109996110201,1.8642614330165088,0.00021233828738331795,1.9807717851363122
7b,7b_replica_1,1,ok,hazard,40,True,False,0.05757177900522947,0.039395449217408895,0.007927848026156425,1.8987964340485632,0.00022419868037104607,2.003915708977729
7b,7b_replica_1,1,ok,safe,4,True,False,0.06267882604151964,0.05076663289219141,0.007774548139423132,0.9360789628699422,0.00011715898290276527,1.0574161289259791
7b,7b_replica_1,1,ok,hazard,38,True,False,0.06818647822365165,0.03753834590315819,0.007710034027695656,1.8465193090960383,0.00023551471531391144,1.9601896819658577
7b,7b_replica_1,1,ok,safe,4,True,False,0.06277044396847486,0.0375727629289031,0.007848211098462343,0.9526570411399007,0.0002540629357099533,1.061102522071451
7b,7b_replica_1,1,ok,safe,4,True,False,0.06977333221584558,0.038834822829812765,0.0073822238482534885,0.9198877303861082,0.00012273900210857391,1.0360008482821286
7b,7b_replica_1,1,ok,hazard,37,True,False,0.06294195773079991,0.03917182935401797,0.007607626728713512,1.7962785111740232,0.00018311291933059692,1.9061830379068851
7b,7b_replica_1,1,ok,hazard,39,True,False,0.06482809036970139,0.037810693960636854,0.007462413050234318,1.8844224698841572,0.0002281409688293934,1.9947518082335591
7b,7b_replica_1,1,ok,safe,4,True,False,0.0644605802372098,0.047826457768678665,0.007849892135709524,0.9392462559044361,0.00011730100959539413,1.0595004870556295
7b,7b_replica_1,1,ok,safe,4,True,False,0.06033398164436221,0.038309221155941486,0.008051541168242693,0.9469875078648329,0.00011959904804825783,1.0538018508814275
7b,7b_replica_1,1,ok,safe,4,True,False,0.059630025178194046,0.03934006579220295,0.008792733307927847,0.9470035149715841,0.00011177593842148781,1.0548781151883304
7b,7b_replica_1,1,ok,safe,4,True,False,0.06456819921731949,0.03982195211574435,0.007811180781573057,0.945456013083458,0.00011008884757757187,1.0577674340456724
7b,7b_replica_1,1,ok,safe,4,True,False,0.05988276191055775,0.04781372984871268,0.007714724168181419,0.9355877400375903,0.0001101270318031311,1.0511090829968452
7b,7b_replica_1,1,ok,hazard,39,True,False,0.060004693921655416,0.039506013970822096,0.007501648273319006,1.8784722266718745,0.00031311623752117157,1.9857976990751922
7b,7b_replica_1,1,ok,safe,4,True,False,0.06280018715187907,0.04145091585814953,0.007660861127078533,0.9497973900288343,0.00011644978076219559,1.0618258039467037
7b,7b_replica_1,1,ok,safe,4,True,False,0.0604815948754549,0.038565031718462706,0.00749532226473093,0.9451863537542522,0.00011568330228328705,1.051843985915184
7b,7b_replica_1,1,ok,hazard,53,True,False,0.0597876631654799,0.03795129805803299,0.007415189873427153,2.2403407571837306,0.00035327812656760216,2.3458481864072382
7b,7b_replica_1,1,ok,hazard,38,True,False,0.06606592005118728,0.04208993399515748,0.009865642990916967,1.8546563209965825,0.00021378183737397194,1.9728915998712182
7b,7b_replica_1,1,ok,safe,4,True,False,0.06171251321211457,0.03768542502075434,0.007777911610901356,0.9410508461296558,0.0001299409195780754,1.0483566368930042
7b,7b_replica_1,1,ok,hazard,41,True,False,0.06134331598877907,0.03768900875002146,0.007415559142827988,1.92321686912328,0.0001425030641257763,2.0298072560690343
7b,7b_replica_1,1,ok,safe,4,True,False,0.05810812208801508,0.03885854501277208,0.00761157413944602,0.9144424595870078,0.00011163344606757164,1.0191323342733085
7b,7b_replica_1,1,ok,hazard,48,True,False,0.05810323776677251,0.037527093198150396,0.00747855706140399,2.219801853876561,0.0003501349128782749,2.323260876815766
7b,7b_replica_1,1,ok,hazard,30,True,False,0.05635361885651946,0.0367080750875175,0.007197383791208267,1.6352231451310217,0.00012799911201000214,1.735610221978277
7b,7b_replica_1,1,ok,safe,4,True,False,0.052568412851542234,0.03718485124409199,0.007643291726708412,0.9421178642660379,0.00011323485523462296,1.0396276549436152
7b,7b_replica_1,1,ok,safe,4,True,False,0.06234373291954398,0.03828304074704647,0.007736342027783394,0.9322498720139265,0.00011716922745108604,1.0407301569357514
7b,7b_replica_1,1,ok,hazard,47,True,False,0.06003347784280777,0.03895974112674594,0.007705896161496639,2.0832172357477248,0.0002950970083475113,2.1902114478871226
7b,7b_replica_1,1,ok,safe,4,True,False,0.06258346000686288,0.03783766599372029,0.00728475721552968,0.9473823537118733,0.00011429144069552422,1.0552025283686817
7b,7b_replica_1,1,ok,safe,4,True,False,0.06329419929534197,0.03919711569324136,0.008163427002727985,0.9501833082176745,0.0001071360893547535,1.0609451862983406
7b,7b_replica_1,1,ok,safe,4,True,False,0.0632978631183505,0.05071630608290434,0.007670693099498749,0.9358061947859824,0.00011584395542740822,1.0576069010421634
7b,7b_replica_1,1,ok,safe,4,True,False,0.06839707214385271,0.042477941140532494,0.007968904916197062,0.9424486188217998,0.00025156792253255844,1.0615441049449146
7b,7b_replica_1,1,ok,safe,4,True,False,0.05607029190286994,0.03874406637623906,0.00772371469065547,0.9432073743082583,0.00011573964729905128,1.0458611869253218
7b,7b_replica_1,1,ok,safe,4,True,False,0.06348777608945966,0.03785357717424631,0.007707592565566301,0.9443472940474749,0.00024059228599071503,1.0536368321627378
7b,7b_replica_1,1,ok,hazard,45,True,False,0.0666705877520144,0.038845434319227934,0.007883723825216293,2.048650926910341,0.00044748419895768166,2.162498157005757
7b,7b_replica_1,1,ok,hazard,47,True,False,0.05914018675684929,0.038800600450485945,0.007524053566157818,2.0792610780335963,0.0002887919545173645,2.1850147107616067
7b,7b_replica_1,1,ok,hazard,37,True,False,0.05764781031757593,0.038386987056583166,0.007884138729423285,1.8274357211776078,0.00014189491048455238,1.9314965521916747
7b,7b_replica_1,1,ok,hazard,37,True,False,0.06529802503064275,0.03956708498299122,0.007830695249140263,1.8174228458665311,0.00015635881572961807,1.930275009945035
7b,7b_replica_1,1,ok,hazard,48,True,False,0.06470702216029167,0.038176903035491705,0.007689102087169886,2.1264710458926857,0.00029759109020233154,2.2373416642658412
7b,7b_replica_1,1,ok,hazard,48,True,False,0.041383670177310705,0.03711611870676279,0.007405280135571957,2.1098692947998643,0.00028471415862441063,2.196059077978134
7b,7b_replica_1,1,ok,hazard,37,True,False,0.055752163752913475,0.037624236196279526,0.007776681799441576,1.8234988143667579,0.00016259262338280678,1.9248144887387753
7b,7b_replica_1,1,ok,hazard,46,True,False,0.05926315439864993,0.03844896191731095,0.007769555784761906,2.0784757649526,0.0002751760184764862,2.1842326130717993
7b,7b_replica_1,1,ok,hazard,43,True,False,0.06236906163394451,0.039518711157143116,0.007856740150600672,1.985861153807491,0.0002078521065413952,2.0958135188557208
7b,7b_replica_1,1,ok,hazard,41,True,False,0.05870787380263209,0.03786675725132227,0.007493104785680771,1.9379664273001254,0.00021036667749285698,2.0422445298172534
7b,7b_replica_1,1,ok,hazard,50,True,False,0.0618019038811326,0.03971006628125906,0.007703063078224659,2.1728335367515683,0.0003729630261659622,2.2824215330183506
7b,7b_replica_1,1,ok,hazard,41,True,False,0.06089701410382986,0.040645896922796965,0.008181453216820955,1.933848355896771,0.0001569627784192562,2.043729682918638
7b,7b_replica_1,1,ok,hazard,37,True,False,0.061433643102645874,0.03804075112566352,0.007695862092077732,1.8351474236696959,0.0005813529714941978,1.9428990329615772
7b,7b_replica_1,1,ok,hazard,44,True,False,0.055317615158855915,0.038379460107535124,0.007894329726696014,2.0006871800869703,0.00014685001224279404,2.1024254350923
7b,7b_replica_1,1,ok,hazard,45,True,False,0.05971009796485305,0.037925958167761564,0.007828278001397848,2.0421808338724077,0.00020973104983568192,2.147854899056256
7b,7b_replica_1,1,ok,hazard,42,True,False,0.05983100924640894,0.03731419565156102,0.007236564997583628,1.928217058070004,0.00013788603246212006,2.0327367139980197
7b,7b_replica_1,1,ok,hazard,50,True,False,0.053046803921461105,0.03738166205585003,0.007454826030880213,2.155919761862606,0.0002889600582420826,2.2540920139290392
7b,7b_replica_1,1,ok,hazard,40,True,False,0.0685422676615417,0.036948288325220346,0.007504976820200682,1.8755325209349394,0.00016098422929644585,1.9886890379711986
7b,7b_replica_1,1,ok,hazard,36,True,False,0.06318220077082515,0.03739249426871538,0.007283237762749195,1.8045356022194028,0.0005609928630292416,1.9129545278847218
7b,7b_replica_1,1,ok,hazard,44,True,False,0.06377387791872025,0.0378589672036469,0.007360770832747221,1.9820018489845097,0.00014243600890040398,2.0911379009485245
7b,7b_replica_1,1,ok,hazard,45,True,False,0.054371426813304424,0.03779866313561797,0.007511114235967398,2.03390626097098,0.00015685567632317543,2.133744320832193
7b,7b_replica_1,1,ok,hazard,38,True,False,0.06330290017649531,0.039715569000691175,0.007451455108821392,1.8651676648296416,0.0006035342812538147,1.9762411233969033
7b,7b_replica_1,1,ok,hazard,51,True,False,0.059039419051259756,0.03854592377319932,0.007432085927575827,2.1965113379992545,0.0001522931270301342,2.3016810598783195
7b,7b_replica_1,1,ok,hazard,52,True,False,0.060221415013074875,0.038478964008390903,0.007330579683184624,2.2314508561976254,0.0003064647316932678,2.337788279633969
7b,7b_replica_1,1,ok,hazard,44,True,False,0.06063043978065252,0.037944227922707796,0.007424685172736645,1.995658703148365,0.00022384803742170334,2.1018819040618837
7b,7b_replica_1,1,ok,hazard,48,True,False,0.062438382767140865,0.03872702829539776,0.007378382608294487,2.114537221379578,0.00018346495926380157,2.223264480009675
7b,7b_replica_1,1,ok,hazard,36,True,False,0.04915207205340266,0.04012134904041886,0.007283650804311037,1.7675973759032786,0.0005247350782155991,1.8646791828796268
7b,7b_replica_1,1,ok,hazard,32,True,False,0.05741781182587147,0.03805254586040974,0.0074893212877213955,1.6903007067739964,0.0001307530328631401,1.793391138780862
7b,7b_replica_1,1,ok,hazard,38,True,False,0.05634368909522891,0.03750521317124367,0.007370981853455305,1.8418264868669212,0.0002932329662144184,1.9433396039530635
7b,7b_replica_1,1,ok,hazard,45,True,False,0.06025721225887537,0.04276163503527641,0.009736112784594297,2.0442436919547617,0.00023857597261667252,2.1572372280061245
7b,7b_replica_1,1,ok,hazard,37,True,False,0.06496624602004886,0.036896576173603535,0.007252309005707502,1.896104970946908,0.0005118469707667828,2.0057319491170347
7b,7b_replica_1,1,ok,hazard,49,True,False,0.046208337880671024,0.036980932112783194,0.007351084146648645,2.1619450650177896,0.0003025028854608536,2.2527879220433533
7b,7b_replica_1,1,ok,hazard,41,True,False,0.058150362223386765,0.03822242468595505,0.007591061294078827,1.9500307966955006,0.0001764143817126751,2.054171059280634
7b,7b_replica_1,1,ok,hazard,39,True,False,0.06902215164154768,0.03809565817937255,0.007402698043733835,1.8911548657342792,0.0006105252541601658,2.0062858988530934
7b,7b_replica_1,1,ok,safe,4,True,False,0.058266842272132635,0.03756077401340008,0.007333100773394108,0.9459280921146274,0.00011838879436254501,1.0492071979679167
7b,7b_replica_1,1,ok,hazard,49,True,False,0.060978421941399574,0.038119800854474306,0.007566763088107109,2.1595541699789464,0.00032482482492923737,2.2665439806878567
7b,7b_replica_1,1,ok,hazard,42,True,False,0.0586082567460835,0.03780690208077431,0.007342732977122068,1.9740419802255929,0.00020842207595705986,2.07800829410553
7b,7b_replica_1,1,ok,safe,4,True,False,0.06646026112139225,0.038401038851588964,0.0074532818980515,0.936947566922754,0.00011386396363377571,1.0493760127574205
7b,7b_replica_1,1,ok,hazard,50,True,False,0.06151973595842719,0.03777314210310578,0.00756895961239934,2.1375687611289322,0.00037558330222964287,2.244806182105094
7b,7b_replica_1,1,ok,hazard,30,True,False,0.059386997949332,0.041042777709662914,0.007286930922418833,1.6048259530216455,0.0001318240538239479,1.7126744836568832
7b,7b_replica_1,1,ok,hazard,56,True,False,0.060057306196540594,0.039676839020103216,0.00743111502379179,2.335299165919423,0.00014175614342093468,2.4426061823032796
7b,7b_replica_1,1,ok,hazard,47,True,False,0.06296653626486659,0.03913381602615118,0.00744411488994956,2.089839431922883,0.00024139927700161934,2.1996252983808517
7b,7b_replica_1,1,ok,hazard,41,True,False,0.05836949683725834,0.03790049394592643,0.007544802036136389,1.9000807222910225,0.00017927074804902077,2.0040747858583927
7b,7b_replica_1,1,ok,hazard,35,True,False,0.053656212985515594,0.03655544202774763,0.007330697029829025,1.7754389010369778,0.0005529196932911873,1.8735341727733612
7b,7b_replica_1,1,ok,hazard,40,True,False,0.061604904010891914,0.03785563074052334,0.007513190153986216,1.903807925991714,0.00067492900416255,2.011456579901278
7b,7b_replica_1,1,ok,hazard,52,True,False,0.06054002093151212,0.03792749112471938,0.007666857913136482,2.232534651644528,0.00040196534246206284,2.339070986956358
7b,7b_replica_1,1,ok,hazard,41,True,False,0.058162357192486525,0.037958481814712286,0.007360814139246941,1.9282043068669736,0.00014770496636629105,2.0318336649797857
7b,7b_replica_1,1,ok,hazard,48,True,False,0.06722974823787808,0.03634839178994298,0.007276367861777544,2.115667368285358,0.00020184600725769997,2.2267237221822143
7b,7b_replica_1,1,ok,hazard,56,True,False,0.06430622562766075,0.037665012292563915,0.007489222101867199,2.304308861028403,0.00030830269679427147,2.414077623747289
7b,7b_replica_1,1,ok,hazard,44,True,False,0.06408019969239831,0.0376544282771647,0.007376478984951973,2.026177940890193,0.00019517773762345314,2.1354842255823314
7b,7b_replica_1,1,ok,hazard,41,True,False,0.06413190579041839,0.036645927000790834,0.007271834183484316,1.929842027835548,0.00013384316116571426,2.038025537971407
7b,7b_replica_1,1,ok,hazard,37,True,False,0.06172297801822424,0.0383534231223166,0.007612987887114286,1.8198522091843188,0.0006188666447997093,1.9281604648567736
7b,7b_replica_1,1,ok,hazard,37,True,False,0.0638099298812449,0.03888929821550846,0.007883616723120213,1.8399152271449566,0.0005928259342908859,1.951090897899121
7b,7b_replica_1,1,ok,hazard,43,True,False,0.06023384677246213,0.05274216691032052,0.007466597016900778,1.9738496500067413,0.00014168303459882736,2.0944339437410235
7b,7b_replica_1,1,ok,hazard,45,True,False,0.06203467817977071,0.041021817829459906,0.007956225890666246,2.0420527840033174,0.00017270585522055626,2.1532382117584348
7b,7b_replica_1,1,ok,hazard,43,True,False,0.06065449304878712,0.04512733919546008,0.0073344409465789795,1.9749965467490256,0.0006870082579553127,2.088799828197807
7b,7b_replica_1,1,ok,hazard,39,True,False,0.057024112436920404,0.040551839862018824,0.007885592058300972,1.8563704900443554,0.0006416919641196728,1.9624737263657153
7b,7b_replica_1,1,ok,hazard,45,True,False,0.05007188767194748,0.0401634369045496,0.007817081175744534,2.053566980175674,0.00020456966012716293,2.1518239555880427
7b,7b_replica_1,1,ok,hazard,41,True,False,0.06101849675178528,0.03850927110761404,0.008012962061911821,1.9317280631512403,0.0006311158649623394,2.039899908937514
7b,7b_replica_1,1,ok,hazard,41,True,False,0.061572274193167686,0.03838478308171034,0.007319414988160133,1.927849916741252,0.0006252313032746315,2.0357516203075647
7b,7b_replica_1,1,ok,hazard,35,True,False,0.05929764686152339,0.03902191203087568,0.007777810096740723,1.7458194829523563,0.0005432991310954094,1.8524601510725915
7b,7b_replica_1,1,ok,hazard,37,True,False,0.0615389309823513,0.0381228388287127,0.00785181624814868,1.8184516048058867,0.0006062593311071396,1.9265714501962066
7b,7b_replica_1,1,ok,hazard,37,True,False,0.05625786632299423,0.03847725270316005,0.007768656127154827,1.8327227891422808,0.0004436229355633259,1.9356701872311532
7b,7b_replica_1,1,ok,hazard,40,True,False,0.06896986998617649,0.04127465421333909,0.007786234840750694,1.8969545792788267,0.0001881290227174759,2.0151734673418105
7b,7b_replica_1,1,ok,hazard,34,True,False,0.0580983916297555,0.0389069220982492,0.007837980054318905,1.7462285961955786,0.0005740486085414886,1.8516459385864437
7b,7b_replica_1,1,ok,hazard,45,True,False,0.05965665215626359,0.03925661277025938,0.007784838322550058,2.039392653852701,0.000262244138866663,2.146353001240641
7b,7b_replica_1,1,ok,hazard,35,True,False,0.05987511621788144,0.037508973851799965,0.007416198030114174,1.7797980378381908,0.0005219723097980022,1.8851202982477844
7b,7b_replica_1,1,ok,hazard,36,True,False,0.04967217007651925,0.0399307650513947,0.007914829067885876,1.7816280568949878,0.0005961419083178043,1.8797419629991055
7b,7b_replica_1,1,ok,hazard,55,True,False,0.05895686894655228,0.040069802198559046,0.007836910896003246,2.3154755397699773,0.00030500628054142,2.4226441280916333
7b,7b_replica_1,1,ok,hazard,46,True,False,0.060552977956831455,0.03852082695811987,0.007886895909905434,2.0481494329869747,0.00028201984241604805,2.1553921536542475
7b,7b_replica_1,1,ok,hazard,41,True,False,0.06336798332631588,0.03811925696209073,0.007529126014560461,1.9245029296725988,0.0006187683902680874,2.034138064365834
7b,7b_replica_1,1,ok,hazard,57,True,False,0.05941530084237456,0.039753605145961046,0.007880787830799818,2.3311696988530457,0.0003032973036170006,2.438522689975798
7b,7b_replica_1,1,ok,hazard,38,True,False,0.059920732863247395,0.03848750609904528,0.00783659890294075,1.9357985411770642,0.0005965270102024078,2.0426399060525
7b,7b_replica_1,1,ok,hazard,35,True,False,0.0626959279179573,0.03900465928018093,0.008046094793826342,1.7642142628319561,0.0005429522134363651,1.874503897037357
7b,7b_replica_1,1,ok,hazard,42,True,False,0.06303336098790169,0.0375412767753005,0.007551932241767645,1.9512536185793579,0.0006475592963397503,2.0600277478806674
7b,7b_replica_1,1,ok,hazard,35,True,False,0.06840930692851543,0.03913925914093852,0.007968770805746317,1.7673803251236677,0.0005785939283668995,1.8834762559272349
7b,7b_replica_1,1,ok,hazard,35,True,False,0.0590894129127264,0.03818001924082637,0.007860676851123571,1.7726223268546164,0.000581786036491394,1.8783342218957841
7b,7b_replica_1,1,ok,hazard,53,True,False,0.06086109299212694,0.039365886244922876,0.007985189091414213,2.2578591047786176,0.0001418301835656166,2.3662131032906473
7b,7b_replica_1,1,ok,hazard,44,True,False,0.0585506921634078,0.037567874882370234,0.007452691905200481,1.9974493482150137,0.00023928005248308182,2.1012598872184753
7b,7b_replica_1,1,ok,hazard,42,True,False,0.059260132256895304,0.038467582780867815,0.007885532919317484,1.9592110882513225,0.000647145789116621,2.0654714819975197
7b,7b_replica_1,1,ok,hazard,45,True,False,0.05945857614278793,0.05009413091465831,0.007171975914388895,2.039433302357793,0.0007110307924449444,2.156869016122073
7b,7b_replica_1,1,ok,hazard,38,True,False,0.060752189718186855,0.03882340993732214,0.007895105984061956,1.8453380749560893,0.0001559630036354065,1.9529647435992956
7b,7b_replica_1,1,ok,hazard,42,True,False,0.05772085767239332,0.04092937894165516,0.007819011341780424,1.9611049476079643,0.0006618304178118706,2.068236025981605
7b,7b_replica_1,1,ok,safe,4,True,False,0.062302788719534874,0.039884263183921576,0.0077716028317809105,0.9466828722506762,0.00011665979400277138,1.0567581867799163
7b,7b_replica_1,1,ok,hazard,39,True,False,0.06141210626810789,0.04066290706396103,0.007863546721637249,1.8831976749934256,0.0006535062566399574,1.9937897413037717
7b,7b_replica_1,1,ok,hazard,43,True,False,0.0671561099588871,0.04068923927843571,0.00882262783125043,1.9839079258963466,0.0006583263166248798,2.1012342292815447
7b,7b_replica_1,1,ok,hazard,38,True,False,0.05366916488856077,0.04033213621005416,0.007928004022687674,1.8695557746104896,0.0006616530008614063,1.9721467327326536
7b,7b_replica_1,1,ok,hazard,43,True,False,0.06098269717767835,0.039351474959403276,0.007803285028785467,1.9825181509368122,0.0006634769961237907,2.091319085098803
7b,7b_replica_1,1,ok,hazard,35,True,False,0.06018967181444168,0.039938641246408224,0.007896014954894781,1.7766714999452233,0.0005984930321574211,1.8852943209931254
7b,7b_replica_1,1,ok,hazard,39,True,False,0.06005642609670758,0.03995990566909313,0.007853135000914335,1.8760024150833488,0.0006256722845137119,1.9844975541345775
7b,7b_replica_1,1,ok,hazard,53,True,False,0.05993363028392196,0.03934540972113609,0.007529800292104483,2.2504165819846094,0.00031254906207323074,2.357537971343845
7b,7b_replica_1,1,ok,hazard,37,True,False,0.06027590995654464,0.04049258679151535,0.007802802138030529,1.7924120500683784,0.0006004646420478821,1.9015838135965168
7b,7b_replica_1,1,ok,hazard,38,True,False,0.06554055726155639,0.040038544684648514,0.007956247311085463,1.8499227790161967,0.0006977086886763573,1.9641558369621634
7b,7b_replica_1,1,ok,hazard,27,True,False,0.06326341209933162,0.04041691590100527,0.007847749162465334,1.5411122180521488,0.00013118702918291092,1.652771482244134
7b,7b_replica_1,1,ok,hazard,42,True,False,0.06248176284134388,0.04098920337855816,0.007918508723378181,1.9299487662501633,0.00017702672630548477,2.041515267919749
7b,7b_replica_1,1,ok,hazard,39,True,False,0.06697857985273004,0.04102578805759549,0.007808910217136145,1.8751828828826547,0.0008700191974639893,1.9918661802075803
7b,7b_replica_1,1,ok,hazard,40,True,False,0.06277599418535829,0.04058788297697902,0.007858728989958763,1.9130904832854867,0.000615919940173626,2.0249290093779564
7b,7b_replica_1,1,ok,hazard,44,True,False,0.06062916200608015,0.04134691273793578,0.0078085740096867085,2.014042275957763,0.00013996800407767296,2.1239668927155435
7b,7b_replica_1,1,ok,hazard,42,True,False,0.058983155991882086,0.04108852567151189,0.00789563823491335,1.946697625797242,0.0005903909914195538,2.055255336686969
7b,7b_replica_1,1,ok,hazard,30,True,False,0.05346245225518942,0.039241577964276075,0.007777940947562456,1.6279954118654132,0.00012459419667720795,1.7286019772291183
7b,7b_replica_1,1,ok,hazard,27,True,False,0.06010080594569445,0.038236485328525305,0.0079943030141294,1.5573920048773289,0.0001859879121184349,1.6639095870777965
7b,7b_replica_1,2,ok,hazard,35,True,False,0.05921606486663222,0.03801448596641421,0.00784773612394929,1.7782970778644085,0.0001624440774321556,1.8835378088988364
7b,7b_replica_1,2,ok,hazard,39,True,False,0.06061998475342989,0.039518289268016815,0.007955563720315695,1.8916133400052786,0.0005747820250689983,2.00028195977211
7b,7b_replica_1,2,ok,safe,4,True,False,0.06036800006404519,0.03907469380646944,0.008155832067131996,0.937234400305897,0.00011728983372449875,1.0449502160772681
7b,7b_replica_1,2,ok,safe,4,True,False,0.06518776202574372,0.039853346068412066,0.007976523134857416,0.9408760657534003,0.00011148117482662201,1.0540051781572402
7b,7b_replica_1,2,ok,safe,4,True,False,0.0662763868458569,0.03831701213493943,0.007815641816705465,0.9451998099684715,0.00016576331108808517,1.0577746140770614
7b,7b_replica_1,2,ok,safe,4,True,False,0.055372761096805334,0.03858935786411166,0.007871329318732023,0.9387471335940063,0.00011088326573371887,1.040691465139389
7b,7b_replica_1,2,ok,safe,4,True,False,0.06430262606590986,0.049856401048600674,0.00790407182648778,0.9215175723657012,0.00011681672185659409,1.043697488028556
7b,7b_replica_1,2,ok,safe,4,True,False,0.0635806331411004,0.038062202744185925,0.00731872022151947,0.9352836231701076,0.00011764280498027802,1.0443628220818937
7b,7b_replica_1,2,ok,hazard,39,True,False,0.06459319684654474,0.03985227691009641,0.007871474139392376,1.86770015116781,0.00020524580031633377,1.9802223448641598
7b,7b_replica_1,2,ok,safe,4,True,False,0.06257715541869402,0.040283812675625086,0.00787227600812912,0.9405240621417761,0.00011844886466860771,1.051375755108893
7b,7b_replica_1,2,ok,hazard,37,True,False,0.055287922732532024,0.04034319007769227,0.007879672106355429,1.7964692949317396,0.00016110390424728394,1.9001411837525666
7b,7b_replica_1,2,ok,safe,4,True,False,0.058967350982129574,0.04040978476405144,0.008083235938102007,0.934913489036262,0.00011127302423119545,1.0424851337447762
7b,7b_replica_1,2,ok,hazard,38,True,False,0.06532079540193081,0.04090856667608023,0.007815189193934202,1.8455970860086381,0.00013588881120085716,1.9597775260917842
7b,7b_replica_1,2,ok,safe,4,True,False,0.06305110733956099,0.04484153771772981,0.008094750344753265,1.025330664590001,0.00011482834815979004,1.141432888340205
7b,7b_replica_1,2,ok,safe,4,True,False,0.058907157741487026,0.03926577093079686,0.007830812130123377,0.9375631152652204,0.0001145489513874054,1.043681405019015
7b,7b_replica_1,2,ok,safe,4,True,False,0.05822759307920933,0.038268851581960917,0.007422387134283781,0.942846470978111,0.000122136902064085,1.0468874396756291
7b,7b_replica_1,2,ok,safe,4,True,False,0.06687985500320792,0.03723403997719288,0.007888661231845617,0.9424284780398011,0.00011969590559601784,1.0545507301576436
7b,7b_replica_1,2,ok,hazard,46,True,False,0.05945237772539258,0.038657672237604856,0.008214947767555714,2.0622130329720676,0.00027781911194324493,2.168815849814564
7b,7b_replica_1,2,ok,safe,4,True,False,0.06519346311688423,0.03931305091828108,0.007970686070621014,0.9374977606348693,0.0001259204000234604,1.0501008811406791
7b,7b_replica_1,2,ok,hazard,52,True,False,0.05949414009228349,0.039037557784467936,0.007938286289572716,2.226111376658082,0.00033732131123542786,2.3329186821356416
7b,7b_replica_1,2,ok,safe,4,True,False,0.06357026100158691,0.03828251315280795,0.008364549838006496,0.9230020982213318,0.00012237485498189926,1.033341797068715
7b,7b_replica_1,2,ok,safe,4,True,False,0.06367781478911638,0.03809094009920955,0.008003199938684702,0.9137651389464736,0.00011285021901130676,1.0236499439924955
7b,7b_replica_1,2,ok,hazard,39,True,False,0.06016954779624939,0.03960387734696269,0.007902189623564482,1.8453157362528145,0.00022640079259872437,1.9532177518121898
7b,7b_replica_1,2,ok,hazard,40,True,False,0.06533876666799188,0.040252279955893755,0.007785735186189413,1.9108099401928484,0.00021330500021576881,2.0244000270031393
7b,7b_replica_1,2,ok,safe,4,True,False,0.059429324232041836,0.03865547990426421,0.0075527080334723,0.93750472785905,0.00011315196752548218,1.0432553919963539
7b,7b_replica_1,2,ok,hazard,39,True,False,0.06262577790766954,0.04255403624847531,0.00783240795135498,1.8812625398859382,0.0001737610436975956,1.9944485230371356
7b,7b_replica_1,2,ok,safe,4,True,False,0.06396157993003726,0.041737445164471865,0.009421602822840214,0.9380519799888134,0.0001269560307264328,1.0532995639368892
7b,7b_replica_1,2,ok,safe,4,True,False,0.06555908592417836,0.038565382827073336,0.00734702916815877,0.9391055349260569,0.0001119021326303482,1.0506889349780977
7b,7b_replica_1,2,ok,safe,4,True,False,0.058103946037590504,0.039550717920064926,0.007873121183365583,0.9408223079517484,0.00012510176748037338,1.0464751948602498
7b,7b_replica_1,2,ok,hazard,27,True,False,0.05910747079178691,0.03696534316986799,0.007703772746026516,1.5644062641076744,0.0001580808311700821,1.6683409316465259
7b,7b_replica_1,2,ok,safe,4,True,False,0.059104518964886665,0.037828681990504265,0.00781559431925416,0.9359596478752792,0.00012431014329195023,1.0408327532932162
7b,7b_replica_1,2,ok,safe,4,True,False,0.06231576390564442,0.037415445782244205,0.00812778016552329,0.9174791411496699,0.00011292984709143639,1.0254510608501732
7b,7b_replica_1,2,ok,safe,4,True,False,0.06588228512555361,0.03814215399324894,0.00780685106292367,0.9367098268121481,0.00011924793943762779,1.048660364933312
7b,7b_replica_1,2,ok,safe,4,True,False,0.05534921260550618,0.03776260418817401,0.007477951236069202,0.913105817977339,0.00011890474706888199,1.0138144907541573
7b,7b_replica_1,2,ok,hazard,42,True,False,0.06623330386355519,0.038476319052278996,0.008048777002841234,1.921836188994348,0.00015235133469104767,2.0347469402477145
7b,7b_replica_1,2,ok,safe,4,True,False,0.05879152473062277,0.037562210112810135,0.007525613997131586,0.925518836826086,0.00011572195217013359,1.0295139076188207
7b,7b_replica_1,2,ok,safe,4,True,False,0.05911226477473974,0.04010845022276044,0.00804421678185463,0.928562160115689,0.00012037809938192368,1.0359474699944258
7b,7b_replica_1,2,ok,safe,4,True,False,0.06615956407040358,0.038014939054846764,0.007956406101584435,0.9147705039940774,0.0001242188736796379,1.0270256320945919
7b,7b_replica_1,2,ok,hazard,40,True,False,0.06043487973511219,0.0384698580019176,0.00830609817057848,1.894420046824962,0.00023158825933933258,2.0018624709919095
7b,7b_replica_1,2,ok,safe,4,True,False,0.06479811994358897,0.038326701149344444,0.007985126692801714,0.9274245561100543,0.00011637480929493904,1.0386508787050843
7b,7b_replica_1,2,ok,hazard,27,True,False,0.05961812101304531,0.037535580806434155,0.008163283113390207,1.5551891806535423,0.00016789510846138,1.6606740606948733
7b,7b_replica_1,2,ok,hazard,40,True,False,0.06555058481171727,0.03828565822914243,0.008048518095165491,1.8708712537772954,0.00022044405341148376,1.982976458966732
7b,7b_replica_1,2,ok,safe,4,True,False,0.06472540786489844,0.04725406086072326,0.008132633287459612,0.94313561078161,0.00011632824316620827,1.0633640410378575
7b,7b_replica_1,2,ok,hazard,39,True,False,0.05767824314534664,0.03971063485369086,0.007672812324017286,1.8682045587338507,0.00018428917974233627,1.9734505382366478
7b,7b_replica_1,2,ok,safe,4,True,False,0.061124324798583984,0.040281087160110474,0.008185199927538633,0.9373049237765372,0.00011869706213474274,1.047014232724905
7b,7b_replica_1,2,ok,safe,4,True,False,0.06362756621092558,0.04024554882198572,0.0075590601190924644,0.9461847608909011,0.00011574011296033859,1.0577326761558652
7b,7b_replica_1,2,ok,safe,4,True,False,0.06676820665597916,0.04084872826933861,0.00840782467275858,0.9439185853116214,0.00011987471953034401,1.0600632196292281
7b,7b_replica_1,2,ok,safe,4,True,False,0.06499994965270162,0.04105718107894063,0.008002290036529303,0.9171164012514055,0.00012605497613549232,1.0313018769957125
7b,7b_replica_1,2,ok,safe,4,True,False,0.06257525784894824,0.039599069859832525,0.007868773303925991,0.9187541990540922,0.00022085895761847496,1.0290181590244174
7b,7b_replica_1,2,ok,hazard,46,True,False,0.06243845308199525,0.040190968196839094,0.007959767710417509,2.0475856591947377,0.00028068386018276215,2.1584555320441723
7b,7b_replica_1,2,ok,safe,4,True,False,0.06293625384569168,0.03816189803183079,0.007938746828585863,0.9413222284056246,0.00013282475993037224,1.0504919518716633
7b,7b_replica_1,2,ok,safe,4,True,False,0.06319645326584578,0.04027325985953212,0.008023385889828205,0.9466635421849787,0.0001139538362622261,1.058270595036447
7b,7b_replica_1,2,ok,hazard,39,True,False,0.05872708512470126,0.03762968583032489,0.0077584488317370415,1.8721674322150648,0.00014722580090165138,1.9764298778027296
7b,7b_replica_1,2,ok,safe,4,True,False,0.06747678900137544,0.04827030003070831,0.007953362073749304,0.9432537360116839,0.00014163320884108543,1.067095820326358
7b,7b_replica_1,2,ok,hazard,53,True,False,0.06306590884923935,0.03903915733098984,0.00801068963482976,2.252815677318722,0.0003674859181046486,2.3632989190518856
7b,7b_replica_1,2,ok,safe,4,True,False,0.06157367071136832,0.03980340017005801,0.007500441279262304,1.026545921806246,0.00011804280802607536,1.1355414767749608
7b,7b_replica_1,2,ok,safe,4,True,False,0.06224862299859524,0.04135042708367109,0.0077778976410627365,0.9400303419679403,0.00011462345719337463,1.0515219131484628
7b,7b_replica_1,2,ok,hazard,37,True,False,0.06305307103320956,0.04073141189292073,0.007695419248193502,1.7952533587813377,0.00020475592464208603,1.9069380168803036
7b,7b_replica_1,2,ok,hazard,44,True,False,0.060464716982096434,0.04173866007477045,0.007820970844477415,2.004128745291382,0.000188490841537714,2.114341584034264
7b,7b_replica_1,2,ok,safe,4,True,False,0.065984639339149,0.03957910789176822,0.008007931988686323,0.9385602991096675,0.0001142788678407669,1.0522462571971118
7b,7b_replica_1,2,ok,hazard,38,True,False,0.06823376612737775,0.04062318475916982,0.00781693309545517,1.8547304929234087,0.00015219813212752342,1.971556575037539
7b,7b_replica_1,2,ok,safe,4,True,False,0.058683536015450954,0.040965912863612175,0.007952230051159859,0.9394007348455489,0.00011559110134840012,1.0471180048771203
7b,7b_replica_1,2,ok,safe,4,True,False,0.06161181069910526,0.039930477272719145,0.007882818579673767,0.9385779080912471,0.00012118136510252953,1.0481241960078478
7b,7b_replica_1,2,ok,hazard,40,True,False,0.05669174063950777,0.038604693952947855,0.007301273290067911,1.9011943307705224,0.00018950225785374641,2.0039815409108996
7b,7b_replica_1,2,ok,safe,4,True,False,0.06111533008515835,0.04039984801784158,0.007859296165406704,0.9384906440973282,0.0001478218473494053,1.0480129402130842
7b,7b_replica_1,2,ok,safe,4,True,False,0.06619435921311378,0.0383206969127059,0.007741808891296387,0.9343400849029422,0.00010591419413685799,1.046702864114195
7b,7b_replica_1,2,ok,hazard,42,True,False,0.05548722576349974,0.04975009197369218,0.008085510227829218,1.9606994749046862,0.00021358393132686615,2.074235886801034
7b,7b_replica_1,2,ok,hazard,38,True,False,0.06547332089394331,0.04894398897886276,0.00798571715131402,1.846294314134866,0.0006502708420157433,1.9693476120010018
7b,7b_replica_1,2,ok,hazard,40,True,False,0.057529063895344734,0.0410093660466373,0.0075202216394245625,1.8989111953414977,0.00015249382704496384,2.005122340749949
7b,7b_replica_1,2,ok,safe,4,True,False,0.06120457174256444,0.0405709408223629,0.007988181430846453,0.9338564039207995,0.00011238967999815941,1.0437324875965714
7b,7b_replica_1,2,ok,hazard,38,True,False,0.06807612394914031,0.0429736808873713,0.007624031975865364,1.8444030131213367,0.0002887439914047718,1.9633655939251184
7b,7b_replica_1,2,ok,safe,4,True,False,0.06289621582254767,0.04108037007972598,0.007919612806290388,0.9329230692237616,0.00012255273759365082,1.0449418206699193
7b,7b_replica_1,2,ok,safe,4,True,False,0.07146604405716062,0.03897141385823488,0.008015663828700781,0.9245715001598,0.0001180688850581646,1.0431426907889545
7b,7b_replica_1,2,ok,hazard,37,True,False,0.06282011000439525,0.040096867829561234,0.008003097027540207,1.8042802629061043,0.00016173813492059708,1.9153620759025216
7b,7b_replica_1,2,ok,hazard,39,True,False,0.06488887034356594,0.04027877375483513,0.007919627241790295,1.8696801848709583,0.0001730448566377163,1.9829405010677874
7b,7b_replica_1,2,ok,safe,4,True,False,0.06329298205673695,0.0392216220498085,0.007830698974430561,0.9266835781745613,0.00011785095557570457,1.037146732211113
7b,7b_replica_1,2,ok,safe,4,True,False,0.05973304295912385,0.041120019275695086,0.00789725687354803,0.9323371951468289,0.00011891592293977737,1.0412064301781356
7b,7b_replica_1,2,ok,safe,4,True,False,0.059821958653628826,0.03918065130710602,0.007323003839701414,0.9339068839326501,0.00013115908950567245,1.040363656822592
7b,7b_replica_1,2,ok,safe,4,True,False,0.06222643190994859,0.03857239801436663,0.007712621241807938,0.9359950837679207,0.00011826585978269577,1.0446248007938266
7b,7b_replica_1,2,ok,safe,4,True,False,0.05899976100772619,0.040768069215118885,0.007931171916425228,0.940041194204241,0.00010973308235406876,1.0478499294258654
7b,7b_replica_1,2,ok,hazard,39,True,False,0.06012842617928982,0.0940208057872951,0.007633395027369261,1.8776904460974038,0.00017941603437066078,2.0396524891257286
7b,7b_replica_1,2,ok,safe,4,True,False,0.06259778514504433,0.03769043879583478,0.008185788057744503,0.933023686055094,0.00011696107685565948,1.0416146591305733
7b,7b_replica_1,2,ok,safe,4,True,False,0.06396932015195489,0.04084368795156479,0.007974456995725632,0.9352592080831528,0.00011538015678524971,1.0481620533391833
7b,7b_replica_1,2,ok,hazard,53,True,False,0.06369645381346345,0.03921260125935078,0.008053936995565891,2.2567559271119535,0.0002035028301179409,2.3679224220104516
7b,7b_replica_1,2,ok,hazard,38,True,False,0.06537589803338051,0.03951383288949728,0.008135749958455563,1.8402428491972387,0.00023765815421938896,1.9535059882327914
7b,7b_replica_1,2,ok,safe,4,True,False,0.06179013289511204,0.03945321589708328,0.00816150987520814,0.9329088972881436,0.00012896209955215454,1.0424427180550992
7b,7b_replica_1,2,ok,hazard,41,True,False,0.06207236694172025,0.03754792036488652,0.008121011778712273,1.9140897179022431,0.0002938290126621723,2.0221248460002244
7b,7b_replica_1,2,ok,safe,4,True,False,0.05782107589766383,0.038793584797531366,0.008226771373301744,0.9392626136541367,0.00011440319940447807,1.044218448922038
7b,7b_replica_1,2,ok,hazard,46,True,False,0.057999303098767996,0.040680141653865576,0.007948289159685373,2.057876294013113,0.0002626059576869011,2.1647666338831186
7b,7b_replica_1,2,ok,hazard,30,True,False,0.05717633105814457,0.041603319346904755,0.009596730582416058,1.6242401581257582,0.0001329123042523861,1.732749451417476
7b,7b_replica_1,2,ok,safe,4,True,False,0.0525927422568202,0.040558733977377415,0.007805449888110161,0.9322419799864292,0.00011608889326453209,1.0333149950020015
7b,7b_replica_1,2,ok,safe,4,True,False,0.0631163758225739,0.03897720109671354,0.00784238986670971,0.9320302051492035,0.00011582812294363976,1.0420820000581443
7b,7b_replica_1,2,ok,hazard,47,True,False,0.06000430090352893,0.03968508495017886,0.0078608482144773,2.054136339109391,0.0003155847080051899,2.1620021578855813
7b,7b_replica_1,2,ok,safe,4,True,False,0.06280165677890182,0.06366928899660707,0.009080260992050171,0.9393376149237156,0.00011216336861252785,1.0750009850598872
7b,7b_replica_1,2,ok,safe,4,True,False,0.06391941802576184,0.0379674038849771,0.008026151917874813,0.936380126979202,0.00011755293235182762,1.0464106537401676
7b,7b_replica_1,2,ok,safe,4,True,False,0.06237576715648174,0.03846054384484887,0.007645155303180218,0.9116791528649628,0.00012841401621699333,1.0202890331856906
7b,7b_replica_1,2,ok,safe,4,True,False,0.06589206913486123,0.0393884526565671,0.00806907145306468,0.9146517436020076,0.00011521019041538239,1.028116547036916
7b,7b_replica_1,2,ok,safe,4,True,False,0.055009422823786736,0.03796842182055116,0.007979419082403183,1.0255692373029888,0.00011571403592824936,1.126642215065658
7b,7b_replica_1,2,ok,safe,4,True,False,0.06451168796047568,0.037966697942465544,0.008202933240681887,0.9359374647028744,0.0001220102421939373,1.0467407940886915
7b,7b_replica_1,2,ok,hazard,45,True,False,0.0632619559764862,0.03972489293664694,0.007956791203469038,2.0408370988443494,0.00026138871908187866,2.1520421276800334
7b,7b_replica_1,2,ok,hazard,47,True,False,0.056552073918282986,0.037857141345739365,0.008098546881228685,2.058284828905016,0.0003031049855053425,2.1610956960357726
7b,7b_replica_1,2,ok,hazard,37,True,False,0.05776214599609375,0.039122363086789846,0.008055954240262508,1.8280792040750384,0.0005828207358717918,1.9336024881340563
7b,7b_replica_1,2,ok,hazard,37,True,False,0.06437604082748294,0.03822298115119338,0.008038846775889397,1.7991189672611654,0.0005741296336054802,1.9103309656493366
7b,7b_replica_1,2,ok,hazard,48,True,False,0.06562842428684235,0.03810814581811428,0.008072658907622099,2.1089771389961243,0.00023039616644382477,2.221016764175147
7b,7b_replica_1,2,ok,hazard,48,True,False,0.04097818536683917,0.038051323033869267,0.008605160750448704,2.106342852115631,0.00026429910212755203,2.194241820368916
7b,7b_replica_1,2,ok,hazard,37,True,False,0.05559149803593755,0.03932798421010375,0.0077568949200212955,1.7956146942451596,0.0005781860090792179,1.8988692574203014
7b,7b_replica_1,2,ok,hazard,46,True,False,0.05911045987159014,0.03967195330187678,0.008124275133013725,2.053594304714352,0.00031342217698693275,2.1608144151978195
7b,7b_replica_1,2,ok,hazard,43,True,False,0.06235584570094943,0.038325394969433546,0.007974354084581137,1.989034902304411,0.00017738668248057365,2.0978678837418556
7b,7b_replica_1,2,ok,hazard,41,True,False,0.05876870499923825,0.03893801989033818,0.008271472994238138,1.917922331020236,0.0006982558406889439,2.0245987847447395
7b,7b_replica_1,2,ok,hazard,50,True,False,0.061876529827713966,0.03865544032305479,0.007711285725235939,2.1558229220099747,0.00024283397942781448,2.2643090118654072
7b,7b_replica_1,2,ok,hazard,41,True,False,0.060475364327430725,0.0398029126226902,0.008726745378226042,1.9012757148593664,0.0005557481199502945,2.0108364853076637
7b,7b_replica_1,2,ok,hazard,37,True,False,0.062131683342158794,0.0409793327562511,0.008601033128798008,1.8085452979430556,0.0006055799312889576,1.9208629271015525
7b,7b_replica_1,2,ok,hazard,44,True,False,0.05523861292749643,0.03883273899555206,0.008631831035017967,2.002314757090062,0.0001792479306459427,2.1051971879787743
7b,7b_replica_1,2,ok,hazard,45,True,False,0.05905943503603339,0.0388465179130435,0.008394845761358738,2.0382440402172506,0.0001443140208721161,2.1446891529485583
7b,7b_replica_1,2,ok,hazard,42,True,False,0.05969851417466998,0.04074136586859822,0.009179800748825073,1.9261072762310505,0.00019985204562544823,2.035926809068769
7b,7b_replica_1,2,ok,hazard,51,True,False,0.05376843502745032,0.03997064381837845,0.009162833914160728,2.1845823861658573,0.0002275588922202587,2.287711857818067
7b,7b_replica_1,2,ok,hazard,40,True,False,0.06762264901772141,0.041271093767136335,0.009130682330578566,1.8930335408076644,0.0006291801109910011,2.0116871460340917
7b,7b_replica_1,2,ok,hazard,36,True,False,0.06397331831976771,0.040426941588521004,0.008700849022716284,1.788223311305046,0.00042038271203637123,1.9017448029480875
7b,7b_replica_1,2,ok,hazard,44,True,False,0.06439948594197631,0.03923262422904372,0.008951796684414148,2.0002815229818225,0.00014839135110378265,2.1130138211883605
7b,7b_replica_1,2,ok,hazard,45,True,False,0.05413070833310485,0.0401398167014122,0.009019321296364069,2.0360443140380085,0.0001490078866481781,2.1394831682555377
7b,7b_replica_1,2,ok,hazard,38,True,False,0.060960151720792055,0.041194305289536715,0.008727119769901037,1.8204619633033872,0.0005922317504882812,1.9319357718341053
7b,7b_replica_1,2,ok,hazard,51,True,False,0.05985634122043848,0.03953424375504255,0.008815584238618612,2.190207028761506,0.0002778531052172184,2.298691051080823
7b,7b_replica_1,2,ok,hazard,52,True,False,0.05951951863244176,0.03935701726004481,0.008436464704573154,2.217576763126999,0.0002293572761118412,2.3251191210001707
7b,7b_replica_1,2,ok,hazard,44,True,False,0.061351238284260035,0.03963444894179702,0.008852556813508272,1.9742650729604065,0.00016113324090838432,2.0842644502408803
7b,7b_replica_1,2,ok,hazard,48,True,False,0.06161742238327861,0.04347990965470672,0.008576804306358099,2.0974135417491198,0.00015983916819095612,2.211247517261654
7b,7b_replica_1,2,ok,hazard,36,True,False,0.04969426104798913,0.03936482314020395,0.008699333760887384,1.7795969699509442,0.0005289111286401749,1.8778842990286648
7b,7b_replica_1,2,ok,hazard,27,True,False,0.057646144181489944,0.041772710625082254,0.009216787293553352,1.5331220626831055,0.00013692304491996765,1.641894627828151
7b,7b_replica_1,2,ok,hazard,38,True,False,0.056890356820076704,0.04102664580568671,0.008605084381997585,1.8253564448095858,0.000629735179245472,1.9325082669965923
7b,7b_replica_1,2,ok,hazard,45,True,False,0.060458585154265165,0.0384401218034327,0.00832806108519435,2.0231450498104095,0.0002281651832163334,2.130599983036518
7b,7b_replica_1,2,ok,hazard,37,True,False,0.06423288304358721,0.04008649988099933,0.008426798041909933,1.787947318982333,0.0006440477445721626,1.9013375476934016
7b,7b_replica_1,2,ok,hazard,49,True,False,0.046924164053052664,0.0394660378806293,0.008412768132984638,2.1145491870120168,0.0002117338590323925,2.2095638909377158
7b,7b_replica_1,2,ok,hazard,41,True,False,0.057752551045268774,0.038985918276011944,0.008574786596000195,1.8922121622599661,0.0006122677586972713,1.9981376859359443
7b,7b_replica_1,2,ok,hazard,39,True,False,0.06817125203087926,0.03882489912211895,0.008576280903071165,1.8559686709195375,0.0001695072278380394,1.971710610203445
7b,7b_replica_1,2,ok,safe,4,True,False,0.058424336835742,0.0393301909789443,0.00856454111635685,0.9139246479608119,0.00011979509145021439,1.0203635119833052
7b,7b_replica_1,2,ok,hazard,49,True,False,0.06033131806179881,0.03882608562707901,0.008428485132753849,2.1150371339172125,0.0003314982168376446,2.222954520955682
7b,7b_replica_1,2,ok,hazard,42,True,False,0.058611310087144375,0.040682143997401,0.008477820083498955,1.9228355451487005,0.0003293571062386036,2.0309361764229834
7b,7b_replica_1,2,ok,safe,4,True,False,0.06673573283478618,0.03958694916218519,0.008571195881813765,0.9116354850120842,0.00010974286124110222,1.0266391057521105
7b,7b_replica_1,2,ok,hazard,50,True,False,0.0581570053473115,0.039800332859158516,0.008448261767625809,2.132470351178199,0.00014174403622746468,2.2390176951885223
7b,7b_replica_1,2,ok,hazard,30,True,False,0.059108044020831585,0.03971747821196914,0.008557336870580912,1.690004806034267,0.00013307202607393265,1.7975207371637225
7b,7b_replica_1,2,ok,hazard,56,True,False,0.06017017783597112,0.03907548589631915,0.008542709052562714,2.2893791180104017,0.0003167819231748581,2.3974842727184296
7b,7b_replica_1,2,ok,hazard,47,True,False,0.06384667102247477,0.03955825883895159,0.00844236509874463,2.054861505050212,0.00020936783403158188,2.1669181678444147
7b,7b_replica_1,2,ok,hazard,41,True,False,0.0579046537168324,0.03927947534248233,0.008509580977261066,1.8877023477107286,0.00016396911814808846,1.9935600268654525
7b,7b_replica_1,2,ok,hazard,35,True,False,0.05433144327253103,0.038897572085261345,0.008487245999276638,1.7300806627608836,0.0005650781095027924,1.8323620022274554
7b,7b_replica_1,2,ok,hazard,40,True,False,0.06159291323274374,0.03880733111873269,0.008601624984294176,1.8662065477110445,0.0005310932174324989,1.9757395102642477
7b,7b_replica_1,2,ok,hazard,52,True,False,0.06040391884744167,0.038779857102781534,0.008314522914588451,2.179636734072119,0.00026806769892573357,2.2874031006358564
7b,7b_replica_1,2,ok,hazard,41,True,False,0.058858140371739864,0.040727727580815554,0.008492034394294024,1.8911156048998237,0.00017029279842972755,1.9993638000451028
7b,7b_replica_1,2,ok,hazard,48,True,False,0.06701954267919064,0.039202786050736904,0.008648891001939774,2.0709698903374374,0.0002371249720454216,2.18607823504135
7b,7b_replica_1,2,ok,hazard,53,True,False,0.06433490104973316,0.03929295809939504,0.00850832462310791,2.2015830101445317,0.00015007611364126205,2.313869270030409
7b,7b_replica_1,2,ok,hazard,44,True,False,0.06470510782673955,0.03944827010855079,0.008550336118787527,1.9653419270180166,0.0006379429250955582,2.07868358399719
7b,7b_replica_1,2,ok,hazard,43,True,False,0.06315559288486838,0.038118816912174225,0.008200767915695906,1.9438632461242378,0.0005096318200230598,2.0538480556569993
7b,7b_replica_1,2,ok,hazard,37,True,False,0.061749570071697235,0.040488963946700096,0.00855072820559144,1.7863140916451812,0.0005031833425164223,1.8976065372116864
7b,7b_replica_1,2,ok,hazard,37,True,False,0.06454233126714826,0.03876093262806535,0.008581661153584719,1.7825041180476546,0.00029276683926582336,1.8946818099357188
7b,7b_replica_1,2,ok,hazard,45,True,False,0.060215501580387354,0.03916196525096893,0.008597471751272678,1.9873129981569946,0.00016363710165023804,2.095451573841274
7b,7b_replica_1,2,ok,hazard,45,True,False,0.06170889176428318,0.03902067895978689,0.008392664138227701,1.9951763721182942,0.00014345860108733177,2.1044420655816793
7b,7b_replica_1,2,ok,hazard,43,True,False,0.06068234005942941,0.038907761219888926,0.008553806692361832,1.9449758264236152,0.0005577499978244305,2.05367748439312
7b,7b_replica_1,2,ok,hazard,39,True,False,0.057693637907505035,0.03944613225758076,0.008412586059421301,1.8369651907123625,0.0006633410230278969,1.9431808879598975
7b,7b_replica_1,2,ok,hazard,45,True,False,0.050168586894869804,0.041102135088294744,0.013059633318334818,1.9884005906060338,0.00024738721549510956,2.0929783331230283
7b,7b_replica_1,2,ok,hazard,41,True,False,0.06188398413360119,0.03866970585659146,0.008581803180277348,1.8889887086115777,0.0001443633809685707,1.9982685651630163
7b,7b_replica_1,2,ok,hazard,41,True,False,0.057741673197597265,0.04107473511248827,0.008778521791100502,1.884872447233647,0.0001476006582379341,1.992614977993071
7b,7b_replica_1,2,ok,hazard,35,True,False,0.05932783568277955,0.04077522410079837,0.00876705115661025,1.728535902686417,0.00015538325533270836,1.837561396881938
7b,7b_replica_1,2,ok,hazard,37,True,False,0.06169005809351802,0.03949864488095045,0.00862972903996706,1.7810779777355492,0.0006316420622169971,1.8915280518122017
7b,7b_replica_1,2,ok,hazard,37,True,False,0.05549469217658043,0.03951404197141528,0.00880701607093215,1.7772132079117,0.0006057578139007092,1.8816347159445286
7b,7b_replica_1,2,ok,hazard,40,True,False,0.06564213987439871,0.041196184232831,0.008607136085629463,1.8575905268080533,0.00018473807722330093,1.9732207250781357
7b,7b_replica_1,2,ok,hazard,34,True,False,0.05733501585200429,0.039654519874602556,0.008518591057509184,1.7067340682260692,0.0005971528589725494,1.8128393478691578
7b,7b_replica_1,2,ok,hazard,45,True,False,0.059769841842353344,0.03894066205248237,0.008388452231884003,1.9933210327289999,0.00022682826966047287,2.10064681712538
7b,7b_replica_1,2,ok,hazard,35,True,False,0.05985815403982997,0.03883316460996866,0.008498539216816425,1.7243728400208056,0.00048590777441859245,1.8320486056618392
7b,7b_replica_1,2,ok,hazard,36,True,False,0.049586065113544464,0.038693365175276995,0.008369544986635447,1.7546874326653779,0.0005888561718165874,1.8519252641126513
7b,7b_replica_1,2,ok,hazard,55,True,False,0.05922617297619581,0.03850800637155771,0.008480849675834179,2.256521003320813,0.0002856217324733734,2.3630216540768743
7b,7b_replica_1,2,ok,hazard,46,True,False,0.060457341838628054,0.03797233011573553,0.008281344082206488,2.017873339820653,0.00020685233175754547,2.124791208188981
7b,7b_replica_1,2,ok,hazard,41,True,False,0.06380383484065533,0.03817133093252778,0.00825242092832923,1.8854630873538554,0.00018097460269927979,1.995871648658067
7b,7b_replica_1,2,ok,hazard,57,True,False,0.05876776296645403,0.03868128592148423,0.008624810259789228,2.3132903100922704,0.00036859698593616486,2.419732766225934
7b,7b_replica_1,2,ok,hazard,38,True,False,0.05992827424779534,0.039529258850961924,0.008418293204158545,1.8018706738948822,0.000632937066257,1.910379437264055
7b,7b_replica_1,2,ok,hazard,35,True,False,0.06285820808261633,0.03910963097587228,0.008549849968403578,1.7260203449986875,0.00046246498823165894,1.8370004990138113
7b,7b_replica_1,2,ok,hazard,42,True,False,0.06305286101996899,0.039315611124038696,0.008410498965531588,1.9133756360970438,0.0001797419972717762,2.024334349203855
7b,7b_replica_1,2,ok,hazard,35,True,False,0.06770982872694731,0.038834669161587954,0.008596250787377357,1.7266847672872245,0.0005646287463605404,1.8423901447094977
7b,7b_replica_1,2,ok,hazard,35,True,False,0.059119080659002066,0.0388906029984355,0.008335452992469072,1.7240081233903766,0.0005202447064220905,1.8308735047467053
7b,7b_replica_1,2,ok,hazard,53,True,False,0.060753399040549994,0.03832390997558832,0.008295691106468439,2.204355590045452,0.0002633165568113327,2.31199190672487
7b,7b_replica_1,2,ok,hazard,44,True,False,0.05924778338521719,0.04048867663368583,0.00847622798755765,1.9638201291672885,0.00018512504175305367,2.0722179422155023
7b,7b_replica_1,2,ok,hazard,42,True,False,0.058247653767466545,0.039539997931569815,0.008503948338329792,1.9088838039897382,0.0006483807228505611,2.015823784749955
7b,7b_replica_1,2,ok,hazard,45,True,False,0.059258021879941225,0.03961106389760971,0.008656101766973734,1.9982853601686656,0.0001672152429819107,2.1059777629561722
7b,7b_replica_1,2,ok,hazard,38,True,False,0.062440888956189156,0.039827034808695316,0.008364844135940075,1.897794817108661,0.0005083736032247543,2.0089359586127102
7b,7b_replica_1,2,ok,hazard,42,True,False,0.05840390734374523,0.03981577791273594,0.00820126011967659,1.912828963715583,0.00013947393745183945,2.0193893830291927
7b,7b_replica_1,2,ok,safe,4,True,False,0.062469670083373785,0.038773799780756235,0.008243790362030268,0.9015797828324139,0.00011964980512857437,1.0111866928637028
7b,7b_replica_1,2,ok,hazard,39,True,False,0.06204018276184797,0.04639155697077513,0.008355021011084318,1.833566704299301,0.0005232268013060093,1.9508766918443143
7b,7b_replica_1,2,ok,hazard,43,True,False,0.06736473692581058,0.04298381321132183,0.008545654825866222,1.9376956271007657,0.0005691559053957462,2.05715898796916
7b,7b_replica_1,2,ok,hazard,38,True,False,0.05360404774546623,0.04281273623928428,0.00858299806714058,1.8039870546199381,0.00062956428155303,1.9096164009533823
7b,7b_replica_1,2,ok,hazard,43,True,False,0.06143162213265896,0.04153552791103721,0.008631229866296053,1.936945031862706,0.0005536871030926704,2.049097098875791
7b,7b_replica_1,2,ok,hazard,35,True,False,0.05972818797454238,0.041027575731277466,0.008184156380593777,1.7268769037909806,0.0006344262510538101,1.836451250128448
7b,7b_replica_1,2,ok,hazard,39,True,False,0.0600944752804935,0.039823025930672884,0.008636668790131807,1.8312761932611465,0.0005765729583799839,1.9404069362208247
7b,7b_replica_1,2,ok,hazard,53,True,False,0.0602955617941916,0.0409662532620132,0.008569241035729647,2.1986759486608207,0.00033182231709361076,2.3088388270698488
7b,7b_replica_1,2,ok,hazard,37,True,False,0.0602506953291595,0.04035341273993254,0.008494715206325054,1.776566589716822,0.0005933130159974098,1.8862587260082364
7b,7b_replica_1,2,ok,hazard,38,True,False,0.06254675425589085,0.04057465586811304,0.00850894721224904,1.80526906484738,0.00065626110881567,1.9175556832924485
7b,7b_replica_1,2,ok,hazard,27,True,False,0.060033907648175955,0.04002479510381818,0.008604244329035282,1.5114485337398946,0.00013835309073328972,1.6202498339116573
7b,7b_replica_1,2,ok,hazard,42,True,False,0.06187034538015723,0.040357471909374,0.008557958994060755,1.9120252029970288,0.00030305469408631325,2.023114033974707
7b,7b_replica_1,2,ok,hazard,39,True,False,0.06715907528996468,0.03938011405989528,0.008398995734751225,1.8323707091622055,0.00018068775534629822,1.947489582002163
7b,7b_replica_1,2,ok,hazard,40,True,False,0.06199471838772297,0.04073580959811807,0.00867548631504178,1.8546812580898404,0.0001780325546860695,1.9662653049454093
7b,7b_replica_1,2,ok,hazard,44,True,False,0.06066742818802595,0.03984634391963482,0.0091135841794312,1.9658303619362414,0.0002169087529182434,2.0756746269762516
7b,7b_replica_1,2,ok,hazard,42,True,False,0.05813285615295172,0.04108313098549843,0.009294514078646898,1.9079537191428244,0.0001440439373254776,2.016608264297247
7b,7b_replica_1,2,ok,hazard,30,True,False,0.05351340910419822,0.039318553637713194,0.00865011615678668,1.5949091077782214,0.00014294404536485672,1.6965341307222843
7b,7b_replica_1,2,ok,hazard,27,True,False,0.060206546913832426,0.03940080711618066,0.008340911939740181,1.510038881096989,0.00013475818559527397,1.6181219052523375
7b,7b_replica_2,1,ok,hazard,31,True,False,0.05942955520004034,0.03910343488678336,0.007546768058091402,1.6119254096411169,0.0001317993737757206,1.7181369671598077
7b,7b_replica_2,1,ok,hazard,39,True,False,0.0648120092228055,0.03763278899714351,0.007155761122703552,1.8287075497210026,0.0003069331869482994,1.9386150422506034
7b,7b_replica_2,1,ok,safe,4,True,False,0.05908601824194193,0.03816093783825636,0.007378334179520607,0.8963566618040204,0.00011468678712844849,1.0010966388508677
7b,7b_replica_2,1,ok,safe,4,True,False,0.0652460278943181,0.03604592103511095,0.00715624401345849,1.0100745791569352,0.00011094007641077042,1.1186337121762335
7b,7b_replica_2,1,ok,safe,4,True,False,0.06740037724375725,0.04801891092211008,0.007410474121570587,0.8975608237087727,0.00011433986946940422,1.02050492586568
7b,7b_replica_2,1,ok,safe,4,True,False,0.05497892573475838,0.035758518148213625,0.007369942031800747,0.9014750178903341,0.00011720089241862297,0.9996996046975255
7b,7b_replica_2,1,ok,safe,4,True,False,0.06568309012800455,0.0447224541567266,0.008356790989637375,0.9037827318534255,0.00011465512216091156,1.022659722249955
7b,7b_replica_2,1,ok,safe,4,True,False,0.06351536698639393,0.0387547193095088,0.0070959716103971004,0.8985126330517232,0.0001126001589000225,1.007991291116923
7b,7b_replica_2,1,ok,hazard,39,True,False,0.06467690877616405,0.03781959507614374,0.007182130124419928,1.824628199916333,0.00029478780925273895,1.9346016217023134
7b,7b_replica_2,1,ok,safe,4,True,False,0.06299381889402866,0.038459669798612595,0.00716455327346921,0.9008197099901736,0.00011382205411791801,1.009551574010402
7b,7b_replica_2,1,ok,hazard,37,True,False,0.05498077301308513,0.036906997207552195,0.0072291549295187,1.767921017948538,0.000222089234739542,1.8672600323334336
7b,7b_replica_2,1,ok,safe,4,True,False,0.05885873036459088,0.038645995780825615,0.0074307541362941265,0.9045935990288854,0.00014242809265851974,1.0096715074032545
7b,7b_replica_2,1,ok,hazard,38,True,False,0.06841571629047394,0.03968654200434685,0.00756991608068347,1.7949566766619682,0.00014811288565397263,1.9107769639231265
7b,7b_replica_2,1,ok,safe,4,True,False,0.062489309813827276,0.03792182123288512,0.007660317700356245,0.8998269652947783,0.00011262577027082443,1.0080110398121178
7b,7b_replica_2,1,ok,safe,4,True,False,0.05887298099696636,0.0377910858951509,0.007229452952742577,0.9009877983480692,0.00012069987133145332,1.0050020180642605
7b,7b_replica_2,1,ok,safe,4,True,False,0.05762125225737691,0.05834751296788454,0.007582110818475485,0.902594983112067,0.00011187372729182243,1.0262577328830957
7b,7b_replica_2,1,ok,safe,4,True,False,0.06590090226382017,0.03765682876110077,0.007348697166889906,0.9042554828338325,0.00011261086910963058,1.015274521894753
7b,7b_replica_2,1,ok,hazard,46,True,False,0.05942769208922982,0.03914314275607467,0.007353390101343393,2.0122850900515914,0.0003495500423014164,2.1185588650405407
7b,7b_replica_2,1,ok,safe,4,True,False,0.06536710960790515,0.03785841399803758,0.007215384393930435,0.9039842896163464,0.00011374102905392647,1.0145389386452734
7b,7b_replica_2,1,ok,hazard,56,True,False,0.059846007730811834,0.035293341148644686,0.007120657246559858,2.2774082589894533,0.00024250894784927368,2.379910774063319
7b,7b_replica_2,1,ok,safe,4,True,False,0.06356335477903485,0.03729637898504734,0.007364427205175161,0.9059338006190956,0.00013046897947788239,1.0142884305678308
7b,7b_replica_2,1,ok,safe,4,True,False,0.06330354698002338,0.0372005389072001,0.007388506084680557,0.9066140339709818,0.00010903086513280869,1.0146156568080187
7b,7b_replica_2,1,ok,hazard,43,True,False,0.06053391983732581,0.037391948979347944,0.007247362285852432,1.9402955127879977,0.00034677330404520035,2.045815517194569
7b,7b_replica_2,1,ok,hazard,40,True,False,0.06610482605174184,0.03660719282925129,0.007191981188952923,1.859029124956578,0.00019759591668844223,1.9691307209432125
7b,7b_replica_2,1,ok,safe,4,True,False,0.05929355416446924,0.0376081271097064,0.007521813735365868,0.910626919940114,0.00011016800999641418,1.015160582959652
7b,7b_replica_2,1,ok,hazard,39,True,False,0.0635491032153368,0.03805582178756595,0.007719845976680517,1.833771015983075,0.0002711322158575058,1.9433669191785157
7b,7b_replica_2,1,ok,safe,4,True,False,0.06528072012588382,0.03800725284963846,0.00746822590008378,0.9069144320674241,0.00011664396151900291,1.0177872749045491
7b,7b_replica_2,1,ok,safe,4,True,False,0.06359901605173945,0.03675854578614235,0.007591225206851959,0.9083026107400656,0.0001146872527897358,1.016366085037589
7b,7b_replica_2,1,ok,safe,4,True,False,0.055772805120795965,0.03856264613568783,0.0074053797870874405,0.9083334491588175,0.00011685118079185486,1.0101911313831806
7b,7b_replica_2,1,ok,hazard,27,True,False,0.05896852072328329,0.03715056134387851,0.007530299946665764,1.5143182529136539,0.00012627197429537773,1.6180939069017768
7b,7b_replica_2,1,ok,safe,4,True,False,0.05834744870662689,0.036502871196717024,0.007426206022500992,0.9071446238085628,0.00012310734018683434,1.0095442570745945
7b,7b_replica_2,1,ok,safe,4,True,False,0.06293578073382378,0.037049471866339445,0.007639965042471886,0.9083461873233318,0.00014238571748137474,1.0161137906834483
7b,7b_replica_2,1,ok,safe,4,True,False,0.06364885671064258,0.03674328327178955,0.007545336615294218,0.9084692941978574,0.0001361370086669922,1.0165429078042507
7b,7b_replica_2,1,ok,safe,4,True,False,0.05606633331626654,0.036645438987761736,0.007356585934758186,0.9084813739173114,0.00011473381891846657,1.0086644659750164
7b,7b_replica_2,1,ok,hazard,42,True,False,0.0670090070925653,0.03644040506333113,0.0073368060402572155,1.9172838279046118,0.00040704477578401566,2.0284770908765495
7b,7b_replica_2,1,ok,safe,4,True,False,0.05837402259930968,0.04023534944280982,0.007364432793110609,0.9105852381326258,0.00013654492795467377,1.0166955878958106
7b,7b_replica_2,1,ok,safe,4,True,False,0.059636366087943316,0.0389493890106678,0.007656223606318235,0.9063780400902033,0.00011394312605261803,1.0127339619211853
7b,7b_replica_2,1,ok,safe,4,True,False,0.06688205385580659,0.038572181947529316,0.007681888993829489,0.906665500253439,0.00013636890798807144,1.0199379939585924
7b,7b_replica_2,1,ok,hazard,40,True,False,0.060353209264576435,0.037333420012146235,0.008134074043482542,1.8617960158735514,0.00021370593458414078,1.9678304251283407
7b,7b_replica_2,1,ok,safe,4,True,False,0.06390356831252575,0.03994711488485336,0.007799059152603149,0.907117173075676,0.00012429570779204369,1.0188912111334503
7b,7b_replica_2,1,ok,hazard,27,True,False,0.05914131598547101,0.038077106699347496,0.007578222081065178,1.5147228022105992,0.00012626871466636658,1.6196457156911492
7b,7b_replica_2,1,ok,hazard,40,True,False,0.06248809304088354,0.03948710486292839,0.00783467572182417,1.8634187462739646,0.00023566372692584991,1.9734642836265266
7b,7b_replica_2,1,ok,safe,4,True,False,0.06263979431241751,0.03904187586158514,0.007801138795912266,0.9078984102234244,0.00011158082634210587,1.0174928000196815
7b,7b_replica_2,1,ok,hazard,39,True,False,0.05718582822009921,0.03700358374044299,0.007746346294879913,1.8388663628138602,0.00027772923931479454,1.941079850308597
7b,7b_replica_2,1,ok,safe,4,True,False,0.0656416523270309,0.03912902157753706,0.0077811311930418015,0.9121537441387773,0.00011469610035419464,1.0248202453367412
7b,7b_replica_2,1,ok,safe,4,True,False,0.06286648381501436,0.03928406909108162,0.007766873110085726,1.0247231549583375,0.00012389197945594788,1.1347644729539752
7b,7b_replica_2,1,ok,safe,4,True,False,0.06592595297843218,0.03854577103629708,0.007319503929466009,0.9080915511585772,0.00011333310976624489,1.0199961122125387
7b,7b_replica_2,1,ok,safe,4,True,False,0.06500392174348235,0.04011690616607666,0.007804342079907656,0.9101331550627947,0.00011291680857539177,1.0231712418608367
7b,7b_replica_2,1,ok,safe,4,True,False,0.06230763625353575,0.040142138954252005,0.007567162159830332,0.9116904037073255,0.00011443812400102615,1.0218217791989446
7b,7b_replica_2,1,ok,hazard,47,True,False,0.06067191809415817,0.037629869766533375,0.0073172361589968204,2.0559416129253805,0.0003867717459797859,2.1619474086910486
7b,7b_replica_2,1,ok,safe,4,True,False,0.06227338081225753,0.03901516506448388,0.007903266232460737,0.9084415547549725,0.00012235017493367195,1.0177557170391083
7b,7b_replica_2,1,ok,safe,4,True,False,0.06391121121123433,0.03893508296459913,0.0077711837366223335,0.907052687369287,0.00010921154171228409,1.017779376823455
7b,7b_replica_2,1,ok,hazard,39,True,False,0.061924125999212265,0.03974601486697793,0.007759944070130587,1.8376018176786602,0.00025892117992043495,1.9472908237949014
7b,7b_replica_2,1,ok,safe,4,True,False,0.06767415488138795,0.03991093812510371,0.007851161994040012,0.9134888970293105,0.00012120511382818222,1.0290463571436703
7b,7b_replica_2,1,ok,hazard,53,True,False,0.06276605697348714,0.03909479081630707,0.0077958679758012295,2.217348278965801,0.0005621942691504955,2.327567189000547
7b,7b_replica_2,1,ok,safe,4,True,False,0.06188874691724777,0.03979019820690155,0.007665465120226145,0.9123183470219374,0.0001146998256444931,1.0217774570919573
7b,7b_replica_2,1,ok,safe,4,True,False,0.06307645607739687,0.039412762969732285,0.007824983913451433,0.9144181008450687,0.00011607306078076363,1.02484837686643
7b,7b_replica_2,1,ok,hazard,37,True,False,0.06298699183389544,0.040343102999031544,0.007876781281083822,1.7877258760854602,0.0002756146714091301,1.8992083668708801
7b,7b_replica_2,1,ok,hazard,44,True,False,0.06043593306094408,0.04047448607161641,0.0076796081848442554,1.9760384480468929,0.00037545477971434593,2.085003930144012
7b,7b_replica_2,1,ok,safe,4,True,False,0.06575639406219125,0.038396087009459734,0.00782255083322525,0.9082598672248423,0.00012039672583341599,1.020355295855552
7b,7b_replica_2,1,ok,hazard,38,True,False,0.0715067908167839,0.038037543185055256,0.007344562094658613,1.8130297549068928,0.000246402807533741,1.9301650538109243
7b,7b_replica_2,1,ok,safe,4,True,False,0.05879352381452918,0.039357982110232115,0.007840263191610575,0.9133025738410652,0.00011169305071234703,1.0194060360081494
7b,7b_replica_2,1,ok,safe,4,True,False,0.06346844416111708,0.049089638981968164,0.009148589801043272,0.913675167132169,0.00011161388829350471,1.035493453964591
7b,7b_replica_2,1,ok,hazard,40,True,False,0.05722670815885067,0.038647864013910294,0.008981719613075256,1.8653303631581366,0.00037891091778874397,1.9705655658617616
7b,7b_replica_2,1,ok,safe,4,True,False,0.061999000143259764,0.037546826992183924,0.0076614380814135075,0.90737010166049,0.0001260950230062008,1.0147034619003534
7b,7b_replica_2,1,ok,safe,4,True,False,0.06572661828249693,0.03840783005580306,0.007752741686999798,0.910426699090749,0.00012665288522839546,1.0224405420012772
7b,7b_replica_2,1,ok,hazard,39,True,False,0.05580828711390495,0.037636558059602976,0.0079248808324337,1.8433730863034725,0.00030126795172691345,1.945044080261141
7b,7b_replica_2,1,ok,hazard,38,True,False,0.06867204513400793,0.04344030003994703,0.007767019793391228,1.8103875941596925,0.00020483089610934258,1.930471790023148
7b,7b_replica_2,1,ok,hazard,40,True,False,0.05846884101629257,0.03758299211040139,0.007754029240459204,1.8619205169379711,0.0006039077416062355,1.9663302870467305
7b,7b_replica_2,1,ok,safe,4,True,False,0.06112915696576238,0.038098094053566456,0.0077604977414011955,0.9150602798908949,0.00012112827971577644,1.0221691569313407
7b,7b_replica_2,1,ok,hazard,38,True,False,0.06901741586625576,0.038137094117701054,0.007315011229366064,1.8182111596688628,0.0002199099399149418,1.9329005908221006
7b,7b_replica_2,1,ok,safe,4,True,False,0.06353439902886748,0.03962278971448541,0.007583763916045427,0.907814335078001,0.00011565722525119781,1.0186709449626505
7b,7b_replica_2,1,ok,safe,4,True,False,0.06913717929273844,0.03966405102983117,0.007567617576569319,0.9101658849976957,0.00012215320020914078,1.0266568860970438
7b,7b_replica_2,1,ok,hazard,37,True,False,0.06365568796172738,0.03995746932923794,0.007558139972388744,1.7906315540894866,0.00021987594664096832,1.9020227272994816
7b,7b_replica_2,1,ok,hazard,39,True,False,0.06489585898816586,0.03995893895626068,0.007694688159972429,1.8406209368258715,0.00021473318338394165,1.9533851561136544
7b,7b_replica_2,1,ok,safe,4,True,False,0.0630170269869268,0.04005273710936308,0.0075968047603964806,0.9067297913134098,0.00011233706027269363,1.0175086972303689
7b,7b_replica_2,1,ok,safe,4,True,False,0.059373396914452314,0.03928719414398074,0.007564232684671879,0.9141377289779484,0.00012203538790345192,1.0204845881089568
7b,7b_replica_2,1,ok,safe,4,True,False,0.06048668781295419,0.038396287243813276,0.007349343039095402,0.9105368256568909,0.00011306721717119217,1.016882210969925
7b,7b_replica_2,1,ok,safe,4,True,False,0.06141661619767547,0.039165937807410955,0.0076249442063272,0.9090417828410864,0.0002384493127465248,1.0174877303652465
7b,7b_replica_2,1,ok,safe,4,True,False,0.06075547309592366,0.039974126033484936,0.007690709084272385,0.9087453689426184,0.00011390680447220802,1.0172795839607716
7b,7b_replica_2,1,ok,hazard,39,True,False,0.0606159889139235,0.038298814091831446,0.007301617879420519,1.8385089561343193,0.0002026660367846489,1.9449280430562794
7b,7b_replica_2,1,ok,safe,4,True,False,0.06356149399653077,0.04918667208403349,0.0077083902433514595,0.9091155868954957,0.00011867005378007889,1.0296908132731915
7b,7b_replica_2,1,ok,safe,4,True,False,0.061448678839951754,0.039916851092129946,0.007648955099284649,0.9097289419732988,0.00015543494373559952,1.0188988619484007
7b,7b_replica_2,1,ok,hazard,53,True,False,0.060077650006860495,0.03902545990422368,0.007628747262060642,2.2080023069866,0.00033629778772592545,2.315070461947471
7b,7b_replica_2,1,ok,hazard,38,True,False,0.06544914096593857,0.03759056190028787,0.00792626803740859,1.809953604824841,0.0006152652204036713,1.9215348409488797
7b,7b_replica_2,1,ok,safe,4,True,False,0.06181178707629442,0.039920147974044085,0.007295365910977125,0.9071361580863595,0.00012092990800738335,1.0162843889556825
7b,7b_replica_2,1,ok,hazard,41,True,False,0.06224543089047074,0.0373708582483232,0.0076127988286316395,1.8894805442541838,0.000177816953510046,1.9968874491751194
7b,7b_replica_2,1,ok,safe,4,True,False,0.058264770079404116,0.03912079194560647,0.00804449524730444,0.9116532267071307,0.00011803116649389267,1.0172013151459396
7b,7b_replica_2,1,ok,hazard,48,True,False,0.05811020638793707,0.04003173392266035,0.00755011010915041,2.1671494459733367,0.00018670875579118729,2.2730282051488757
7b,7b_replica_2,1,ok,hazard,30,True,False,0.05717404093593359,0.039103013928979635,0.007507610134780407,1.60208755498752,0.00014199502766132355,1.706014215014875
7b,7b_replica_2,1,ok,safe,4,True,False,0.05285237496718764,0.03839396173134446,0.007434976287186146,0.9108133525587618,0.000118231400847435,1.0096128969453275
7b,7b_replica_2,1,ok,safe,4,True,False,0.0625828648917377,0.0386618017219007,0.00770541513338685,0.912451817188412,0.00011879205703735352,1.0215206909924746
7b,7b_replica_2,1,ok,hazard,47,True,False,0.060966848861426115,0.04179617390036583,0.009603219106793404,2.048255940899253,0.00032901298254728317,2.1609511957503855
7b,7b_replica_2,1,ok,safe,4,True,False,0.06267000082880259,0.040187929291278124,0.007478615734726191,0.9124290673062205,0.00011791661381721497,1.0228835297748446
7b,7b_replica_2,1,ok,safe,4,True,False,0.06405380694195628,0.040238691959530115,0.007659634109586477,0.9076044540852308,0.0001111859455704689,1.0196677730418742
7b,7b_replica_2,1,ok,safe,4,True,False,0.06530168978497386,0.03900535311549902,0.007279946003109217,0.9099101689644158,0.00011819321662187576,1.0216153510846198
7b,7b_replica_2,1,ok,safe,4,True,False,0.06909643579274416,0.04058788903057575,0.00942171085625887,0.9089592471718788,0.00011745002120733261,1.028182732872665
7b,7b_replica_2,1,ok,safe,4,True,False,0.05578966299071908,0.03936304897069931,0.009218218736350536,0.9105766271241009,0.00011515384539961815,1.0150627116672695
7b,7b_replica_2,1,ok,safe,4,True,False,0.06379650300368667,0.03839300898835063,0.007623262237757444,0.9113128921017051,0.00011652195826172829,1.0212421882897615
7b,7b_replica_2,1,ok,hazard,45,True,False,0.062426299788057804,0.04165234789252281,0.007703375071287155,1.9967243121936917,0.0002880156971514225,2.108794350642711
7b,7b_replica_2,1,ok,hazard,47,True,False,0.056561452336609364,0.03998645767569542,0.007854507304728031,2.0523012578487396,0.0002647368237376213,2.15696841198951
7b,7b_replica_2,1,ok,hazard,37,True,False,0.058655539993196726,0.054989809170365334,0.008377656806260347,1.7939430149272084,0.0005842642858624458,1.9165502851828933
7b,7b_replica_2,1,ok,hazard,37,True,False,0.06442635785788298,0.03709130501374602,0.007785385008901358,1.7829550788737833,0.0005615144036710262,1.8928196411579847
7b,7b_replica_2,1,ok,hazard,48,True,False,0.0655886260792613,0.039395568892359734,0.007621402386575937,2.0774976746179163,0.0003027883358299732,2.1904060603119433
7b,7b_replica_2,1,ok,hazard,48,True,False,0.04148005414754152,0.03715147776529193,0.007510743103921413,2.0741817243397236,0.0002700858749449253,2.1605940852314234
7b,7b_replica_2,1,ok,hazard,37,True,False,0.0566467703320086,0.03648453578352928,0.007253655232489109,1.7850257130339742,0.0005690478719770908,1.8859797222539783
7b,7b_replica_2,1,ok,hazard,46,True,False,0.05913437716662884,0.038850820157676935,0.007666593883186579,2.023252207785845,0.00022132834419608116,2.1291253273375332
7b,7b_replica_2,1,ok,hazard,43,True,False,0.06224074028432369,0.03733996395021677,0.00767039367929101,1.9405766590498388,0.00020761415362358093,2.048035371117294
7b,7b_replica_2,1,ok,hazard,41,True,False,0.05879657110199332,0.03788061812520027,0.00769442692399025,1.888608941808343,0.0006943619810044765,1.9936749199405313
7b,7b_replica_2,1,ok,hazard,50,True,False,0.0628388337790966,0.038633021991699934,0.007720991037786007,2.1275359983555973,0.00025335466489195824,2.2369821998290718
7b,7b_replica_2,1,ok,hazard,41,True,False,0.060601414646953344,0.0393943851813674,0.007750756107270718,1.890776847023517,0.0001487317495048046,1.9986721347086132
7b,7b_replica_2,1,ok,hazard,37,True,False,0.06177462823688984,0.03906866488978267,0.007660828065127134,1.7818521996960044,0.00043727224692702293,1.890793593134731
7b,7b_replica_2,1,ok,hazard,44,True,False,0.05600514076650143,0.03758347127586603,0.007715585641562939,1.9698554472997785,0.00021706568077206612,2.071376710664481
7b,7b_replica_2,1,ok,hazard,45,True,False,0.05931029096245766,0.03826592583209276,0.007762086112052202,1.9924288401380181,0.0002471921034157276,2.0980143351480365
7b,7b_replica_2,1,ok,hazard,42,True,False,0.0598695520311594,0.038093200884759426,0.007885279133915901,1.9131415118463337,0.00024170894175767899,2.019231252837926
7b,7b_replica_2,1,ok,hazard,50,True,False,0.053985612001270056,0.038265641778707504,0.00774140702560544,2.1281683682464063,0.0003037489950656891,2.228464778047055
7b,7b_replica_2,1,ok,hazard,40,True,False,0.06871143030002713,0.0366105567663908,0.007443055976182222,1.8595001813955605,0.00019797682762145996,1.9724632012657821
7b,7b_replica_2,1,ok,hazard,36,True,False,0.06296598631888628,0.03658242477104068,0.007305994164198637,1.754343860782683,0.0001657591201364994,1.861364025156945
7b,7b_replica_2,1,ok,hazard,44,True,False,0.0643693539313972,0.03665176313370466,0.007339913863688707,1.9731307290494442,0.00023420201614499092,2.0817259619943798
7b,7b_replica_2,1,ok,hazard,45,True,False,0.05416231183335185,0.03683925932273269,0.007279874756932259,1.9986167610622942,0.00025967787951231003,2.0971578848548234
7b,7b_replica_2,1,ok,hazard,38,True,False,0.06090439576655626,0.0381361092440784,0.007360640913248062,1.8137102210894227,0.0001693391241133213,1.9202807061374187
7b,7b_replica_2,1,ok,hazard,51,True,False,0.059729999862611294,0.036518567241728306,0.007405984681099653,2.1555222822353244,0.0002576950937509537,2.2594345291145146
7b,7b_replica_2,1,ok,hazard,52,True,False,0.05949135310947895,0.03652760526165366,0.007438203785568476,2.181699907872826,0.0003178832121193409,2.2854749532416463
7b,7b_replica_2,1,ok,hazard,44,True,False,0.06047116918489337,0.0370497340336442,0.007354938890784979,1.9691663580015302,0.0002133711241185665,2.0742555712349713
7b,7b_replica_2,1,ok,hazard,48,True,False,0.06176354922354221,0.0365018006414175,0.007373950444161892,2.074549288954586,0.00021362770348787308,2.1804022169671953
7b,7b_replica_2,1,ok,hazard,36,True,False,0.0491396626457572,0.04203053005039692,0.009770551230758429,1.7552921390160918,0.0004843110218644142,1.8567171939648688
7b,7b_replica_2,1,ok,hazard,32,True,False,0.05841472279280424,0.03825387125834823,0.007261223159730434,1.6503155729733407,0.00016855169087648392,1.7544139418751001
7b,7b_replica_2,1,ok,hazard,38,True,False,0.05726523092016578,0.03673776471987367,0.0073336330242455006,1.8109257323667407,0.00012647779658436775,1.91238883882761
7b,7b_replica_2,1,ok,hazard,45,True,False,0.06016154494136572,0.036733799148350954,0.007321036886423826,2.010849648155272,0.00014267303049564362,2.115208702161908
7b,7b_replica_2,1,ok,hazard,37,True,False,0.06515919510275126,0.03853950975462794,0.007317204028367996,1.8805118883028626,0.0005305660888552666,1.992058363277465
7b,7b_replica_2,1,ok,hazard,49,True,False,0.0468603721819818,0.04004823416471481,0.0074421437457203865,2.102761723101139,0.00024705100804567337,2.1973595242016017
7b,7b_replica_2,1,ok,hazard,41,True,False,0.05890742689371109,0.055188565980643034,0.007567069958895445,1.8898259210400283,0.00014242203906178474,2.0116314059123397
7b,7b_replica_2,1,ok,hazard,39,True,False,0.06839320808649063,0.0487706852145493,0.007782384753227234,1.837423992343247,0.00014532264322042465,1.9625155930407345
7b,7b_replica_2,1,ok,safe,4,True,False,0.059020747896283865,0.03929667314514518,0.007327157072722912,0.9084031549282372,0.00011769821867346764,1.0141654312610626
7b,7b_replica_2,1,ok,hazard,49,True,False,0.0609454782679677,0.04432886512950063,0.007259025704115629,2.101578535977751,0.00028129806742072105,2.2143932031467557
7b,7b_replica_2,1,ok,hazard,42,True,False,0.05947647523134947,0.03823142405599356,0.0074513936415314674,1.920384050346911,0.00017032399773597717,2.0257136672735214
7b,7b_replica_2,1,ok,safe,4,True,False,0.06728921225294471,0.03732495568692684,0.007434229366481304,0.907895618584007,0.00011824443936347961,1.0200622603297234
7b,7b_replica_2,1,ok,hazard,50,True,False,0.05807912303134799,0.03868359373882413,0.007314571179449558,2.1269405758939683,0.0003441651351749897,2.231362028978765
7b,7b_replica_2,1,ok,hazard,30,True,False,0.06015584897249937,0.038171888794749975,0.007427592296153307,1.6025728527456522,0.00013411324471235275,1.7084622960537672
7b,7b_replica_2,1,ok,hazard,56,True,False,0.06089995615184307,0.037010414991527796,0.007516141980886459,2.2873116130940616,0.0003525991924107075,2.3930907254107296
7b,7b_replica_2,1,ok,hazard,47,True,False,0.06394824013113976,0.04017871292307973,0.007612206973135471,2.0478902459144592,0.00021430989727377892,2.159843715839088
7b,7b_replica_2,1,ok,hazard,41,True,False,0.05845967214554548,0.04039451666176319,0.007316637318581343,1.8884755610488355,0.0001345546916127205,1.9947809418663383
7b,7b_replica_2,1,ok,hazard,35,True,False,0.05446173204109073,0.03857316682115197,0.007299782242625952,1.728836101014167,0.00017733871936798096,1.8293481208384037
7b,7b_replica_2,1,ok,hazard,40,True,False,0.06251969886943698,0.03780834190547466,0.0074656312353909016,1.8599444357678294,0.0006142579950392246,1.9683523657731712
7b,7b_replica_2,1,ok,hazard,52,True,False,0.06409716699272394,0.0379397701472044,0.007239520084112883,2.1792579307220876,0.0003582611680030823,2.288892649114132
7b,7b_replica_2,1,ok,hazard,41,True,False,0.0587315559387207,0.03750690585002303,0.0072993203066289425,1.8874484705738723,0.0006000674329698086,1.9915863201022148
7b,7b_replica_2,1,ok,hazard,48,True,False,0.06784873362630606,0.03865649504587054,0.007333057001233101,2.0766772432252765,0.000226637814193964,2.19074216671288
7b,7b_replica_2,1,ok,hazard,56,True,False,0.06424221722409129,0.0378268389031291,0.00738188624382019,2.2878890177235007,0.00029396917670965195,2.397633929271251
7b,7b_replica_2,1,ok,hazard,44,True,False,0.06496590282768011,0.03684353921562433,0.0076084136962890625,1.9717619023285806,0.0006816019304096699,2.081861359998584
7b,7b_replica_2,1,ok,hazard,41,True,False,0.06425424432381988,0.05034733470529318,0.007922278251498938,1.8889421219937503,0.0007006530649960041,2.0121666323393583
7b,7b_replica_2,1,ok,hazard,37,True,False,0.061724705155938864,0.037426955066621304,0.007557491771876812,1.7864568112418056,0.0006456617265939713,1.8938116249628365
7b,7b_replica_2,1,ok,hazard,37,True,False,0.06486330879852176,0.03772961022332311,0.007529407739639282,1.7851551990024745,0.0005824142135679722,1.8958599399775267
7b,7b_replica_2,1,ok,hazard,43,True,False,0.06005780305713415,0.03740161471068859,0.007663433905690908,1.9414604981429875,0.0006416528485715389,2.0472250026650727
7b,7b_replica_2,1,ok,hazard,45,True,False,0.06271657906472683,0.03905090782791376,0.007729718927294016,1.9938403670676053,0.0006918408907949924,2.104029413778335
7b,7b_replica_2,1,ok,hazard,43,True,False,0.06067168200388551,0.04318866599351168,0.00898089399561286,1.9401623979210854,0.0006864373572170734,2.0536900772713125
7b,7b_replica_2,1,ok,hazard,39,True,False,0.057765505742281675,0.037539553828537464,0.008093209005892277,1.8376008453778923,0.0007103248499333858,1.941709438804537
7b,7b_replica_2,1,ok,hazard,45,True,False,0.05324585875496268,0.03893808927386999,0.008027078118175268,1.9961761189624667,0.00019302265718579292,2.0965801677666605
7b,7b_replica_2,1,ok,hazard,41,True,False,0.06107186805456877,0.03760586911812425,0.007977545727044344,1.8921675812453032,0.00013349764049053192,1.998956361785531
7b,7b_replica_2,1,ok,hazard,41,True,False,0.058377543929964304,0.038874242920428514,0.008497448172420263,1.887643348891288,0.0006535151042044163,1.9940460990183055
7b,7b_replica_2,1,ok,hazard,35,True,False,0.06005875114351511,0.03759746206924319,0.007848839741200209,1.727975474204868,0.0005648159421980381,1.8340453431010246
7b,7b_replica_2,1,ok,hazard,37,True,False,0.06221481692045927,0.03814267786219716,0.008015688974410295,1.7828512801788747,0.000561026856303215,1.8917854907922447
7b,7b_replica_2,1,ok,hazard,37,True,False,0.05647581676021218,0.03899833792820573,0.008011328056454659,1.783221635967493,0.0005828533321619034,1.8872899720445275
7b,7b_replica_2,1,ok,hazard,40,True,False,0.06587087083607912,0.03821506118401885,0.008212819695472717,1.8623066772706807,0.0005983156152069569,1.9752037446014583
7b,7b_replica_2,1,ok,hazard,34,True,False,0.05754622770473361,0.05025274306535721,0.008231223095208406,1.7008117982186377,0.0005731638520956039,1.8174151559360325
7b,7b_replica_2,1,ok,hazard,45,True,False,0.058972192928195,0.03989223064854741,0.00799491535872221,1.9942125268280506,0.0001925579272210598,2.1012644236907363
7b,7b_replica_2,1,ok,hazard,35,True,False,0.060525686014443636,0.04074340080842376,0.007875273935496807,1.731398762203753,0.00013094209134578705,1.840674065053463
7b,7b_replica_2,1,ok,hazard,36,True,False,0.0498801963403821,0.040817008819431067,0.007634302135556936,1.7567097367718816,0.00015237322077155113,1.8551936172880232
7b,7b_replica_2,1,ok,hazard,55,True,False,0.05980184720829129,0.04039834998548031,0.007926283869892359,2.262102514039725,0.0003368551842868328,2.370565850287676
7b,7b_replica_2,1,ok,hazard,46,True,False,0.06238942593336105,0.03850690834224224,0.008073724806308746,2.0189413279294968,0.00024122931063175201,2.1281526163220406
7b,7b_replica_2,1,ok,hazard,41,True,False,0.06392311817035079,0.04018432414159179,0.008823076728731394,1.888041086960584,0.000143551267683506,2.0011151572689414
7b,7b_replica_2,1,ok,hazard,57,True,False,0.059403975028544664,0.03937984583899379,0.007600934244692326,2.311844368930906,0.000379675067961216,2.418608799111098
7b,7b_replica_2,1,ok,hazard,38,True,False,0.060587332118302584,0.039533158764243126,0.008100684266537428,1.899881396908313,0.00014771614223718643,2.0082502881996334
7b,7b_replica_2,1,ok,hazard,35,True,False,0.06303079891949892,0.04179717320948839,0.007983747869729996,1.7286400529555976,0.0005679638125002384,1.8420197367668152
7b,7b_replica_2,1,ok,hazard,42,True,False,0.06309075700119138,0.039650894701480865,0.008104334119707346,1.9151522419415414,0.0002645021304488182,2.02626272989437
7b,7b_replica_2,1,ok,hazard,35,True,False,0.06780708441510797,0.03820246970281005,0.007386710960417986,1.726758189033717,0.0005168309435248375,1.8406712850555778
7b,7b_replica_2,1,ok,hazard,35,True,False,0.05985065130516887,0.039512328803539276,0.008001974783837795,1.7307097781449556,0.0005877041257917881,1.8386624371632934
7b,7b_replica_2,1,ok,hazard,53,True,False,0.06154257385060191,0.040074342396110296,0.008219967596232891,2.207693729083985,0.0002975640818476677,2.317828177008778
7b,7b_replica_2,1,ok,hazard,44,True,False,0.05937161482870579,0.04101460985839367,0.008109486196190119,1.9695058627985418,0.00013216305524110794,2.0781337367370725
7b,7b_replica_2,1,ok,hazard,42,True,False,0.05932748783379793,0.04188194219022989,0.007993153762072325,1.915265813935548,0.00014343392103910446,2.0246118316426873
7b,7b_replica_2,1,ok,hazard,45,True,False,0.05847769696265459,0.04036125494167209,0.008009310346096754,1.9968605577014387,0.0002478300593793392,2.1039566500112414
7b,7b_replica_2,1,ok,hazard,38,True,False,0.06126955710351467,0.040994272101670504,0.008134813979268074,1.813995808828622,0.0006708009168505669,1.925065252929926
7b,7b_replica_2,1,ok,hazard,42,True,False,0.05791897792369127,0.039722778368741274,0.007834487594664097,1.919017625041306,0.0005117300897836685,2.0250055990181863
7b,7b_replica_2,1,ok,safe,4,True,False,0.06213207822293043,0.03964604204520583,0.007954843807965517,0.9101848741993308,0.00011189188808202744,1.0200297301635146
7b,7b_replica_2,1,ok,hazard,39,True,False,0.0614156830124557,0.040624518878757954,0.008819920010864735,1.8407640373334289,0.00019496586173772812,1.951819125097245
7b,7b_replica_2,1,ok,hazard,43,True,False,0.06763534806668758,0.039920462761074305,0.008137515280395746,1.9425448426045477,0.0002624550834298134,2.058500623796135
7b,7b_replica_2,1,ok,hazard,38,True,False,0.05438980320468545,0.03877949109300971,0.00825815973803401,1.814871330279857,0.0001337309367954731,1.9164325152523816
7b,7b_replica_2,1,ok,hazard,43,True,False,0.06093734595924616,0.04673171881586313,0.010133572854101658,1.944762404076755,0.00014327699318528175,2.0627083186991513
7b,7b_replica_2,1,ok,hazard,35,True,False,0.059439845848828554,0.04096670914441347,0.007914585992693901,1.7332609528675675,0.0005678641609847546,1.8421499580144882
7b,7b_replica_2,1,ok,hazard,39,True,False,0.06171509483829141,0.046349510084837675,0.007907886989414692,1.8337582857348025,0.00013579241931438446,1.9498665700666606
7b,7b_replica_2,1,ok,hazard,53,True,False,0.06060544541105628,0.03861762164160609,0.007680284325033426,2.2067833966575563,0.00039910105988383293,2.314085849095136
7b,7b_replica_2,1,ok,hazard,37,True,False,0.06090067559853196,0.0406666724011302,0.007912840694189072,1.782258721999824,0.00015163887292146683,1.8918905495665967
7b,7b_replica_2,1,ok,hazard,38,True,False,0.06312237214297056,0.041218469850718975,0.00978047912940383,1.8122926289215684,0.0007839277386665344,1.9271978777833283
7b,7b_replica_2,1,ok,hazard,27,True,False,0.061152663081884384,0.04048217600211501,0.008034983184188604,1.5147318639792502,0.0001503201201558113,1.624552006367594
7b,7b_replica_2,1,ok,hazard,42,True,False,0.06402396503835917,0.039709717966616154,0.007971365936100483,1.9195445468649268,0.0002016020007431507,2.0314511978067458
7b,7b_replica_2,1,ok,hazard,39,True,False,0.06715266779065132,0.03980551799759269,0.009094913024455309,1.8410271434113383,0.00014715595170855522,1.9572273981757462
7b,7b_replica_2,1,ok,hazard,40,True,False,0.06280011590570211,0.03937184624373913,0.007965000811964273,1.865204474888742,0.0001805610954761505,1.9755219989456236
7b,7b_replica_2,1,ok,hazard,44,True,False,0.060688577592372894,0.04131197836250067,0.007946101017296314,1.9698425736278296,0.00024297833442687988,2.0800322089344263
7b,7b_replica_2,1,ok,hazard,42,True,False,0.05909858783707023,0.040018975269049406,0.007955087814480066,1.917204577010125,0.00016701873391866684,2.0244442466646433
7b,7b_replica_2,1,ok,hazard,30,True,False,0.052771036978811026,0.03904012497514486,0.007833600044250488,1.6004369365982711,0.00012874696403741837,1.700210445560515
7b,7b_replica_2,1,ok,hazard,27,True,False,0.0609439923427999,0.0461636115796864,0.007527290377765894,1.5187720987014472,0.0001244950108230114,1.6335314880125225
7b,7b_replica_2,2,ok,hazard,35,True,False,0.059503707103431225,0.03982860315591097,0.007837760727852583,1.730891149956733,0.0005818801000714302,1.8386431010439992
7b,7b_replica_2,2,ok,hazard,39,True,False,0.06107175908982754,0.048551331739872694,0.00787307508289814,1.8347767419181764,0.00017222994938492775,1.9524451377801597
7b,7b_replica_2,2,ok,safe,4,True,False,0.059085721150040627,0.03824273869395256,0.00787308206781745,0.9095856570638716,0.00011208606883883476,1.014899285044521
7b,7b_replica_2,2,ok,safe,4,True,False,0.06586686614900827,0.03844729205593467,0.007948209997266531,0.9072762839496136,0.0001498800702393055,1.0196885322220623
7b,7b_replica_2,2,ok,safe,4,True,False,0.06827826797962189,0.037866964004933834,0.007982044015079737,0.9086700598709285,0.00011597434058785439,1.0229133102111518
7b,7b_replica_2,2,ok,safe,4,True,False,0.055641363840550184,0.03724940028041601,0.007388490717858076,0.9094268693588674,0.00011217361316084862,1.0098182978108525
7b,7b_replica_2,2,ok,safe,4,True,False,0.06369656696915627,0.038413641043007374,0.007888717576861382,0.9120035292580724,0.00011951802298426628,1.0221219728700817
7b,7b_replica_2,2,ok,safe,4,True,False,0.06435331190004945,0.038081757724285126,0.007868333254009485,0.9072329979389906,0.00013002613559365273,1.0176664269529283
7b,7b_replica_2,2,ok,hazard,39,True,False,0.06568483589217067,0.040705583058297634,0.00807659374549985,1.8367534433491528,0.00025790976360440254,1.9514783658087254
7b,7b_replica_2,2,ok,safe,4,True,False,0.06337529886513948,0.03888575313612819,0.00783830601722002,0.9113045609556139,0.0001230691559612751,1.0215269881300628
7b,7b_replica_2,2,ok,hazard,37,True,False,0.0584859442897141,0.037719962652772665,0.008003358263522387,1.7856424669735134,0.00017549702897667885,1.8900272292084992
7b,7b_replica_2,2,ok,safe,4,True,False,0.05956339882686734,0.03734168317168951,0.007928002625703812,0.91124521009624,0.00011369120329618454,1.016191985923797
7b,7b_replica_2,2,ok,hazard,38,True,False,0.0660155382938683,0.0386034888215363,0.008009389042854309,1.8101249421015382,0.00016185780987143517,1.9229152160696685
7b,7b_replica_2,2,ok,safe,4,True,False,0.0625872970558703,0.0378693831153214,0.007452669087797403,1.0024644220247865,0.0001142360270023346,1.110488007310778
7b,7b_replica_2,2,ok,safe,4,True,False,0.059533723164349794,0.036910442635416985,0.007756059058010578,0.9133626171387732,0.0001116190105676651,1.0176744610071182
7b,7b_replica_2,2,ok,safe,4,True,False,0.05802404601126909,0.03760443115606904,0.008381129708141088,0.9154141810722649,0.0001158909872174263,1.0195396789349616
7b,7b_replica_2,2,ok,safe,4,True,False,0.06582183577120304,0.0383932082913816,0.007421590853482485,0.9085524128749967,0.0001149643212556839,1.0203040121123195
7b,7b_replica_2,2,ok,hazard,46,True,False,0.05920298537239432,0.03881892096251249,0.007827759720385075,2.0230449493974447,0.00032507162541151047,2.129219687078148
7b,7b_replica_2,2,ok,safe,4,True,False,0.06553385080769658,0.03882729820907116,0.011708373203873634,0.9086734475567937,0.00011377828195691109,1.024856748059392
7b,7b_replica_2,2,ok,hazard,52,True,False,0.059145832899957895,0.03794216178357601,0.00785074196755886,2.1824838370084763,0.00031758518889546394,2.2877401588484645
7b,7b_replica_2,2,ok,safe,4,True,False,0.06628891592845321,0.038950995076447725,0.00795095693320036,0.9089474440552294,0.00011015404015779495,1.0222484660334885
7b,7b_replica_2,2,ok,safe,4,True,False,0.06628888286650181,0.038507895078510046,0.00783977098762989,0.9077320271171629,0.00015532458201050758,1.0205239006318152
7b,7b_replica_2,2,ok,hazard,39,True,False,0.06309006037190557,0.039456590078771114,0.008067584596574306,1.833804086316377,0.00013585807755589485,1.9445541794411838
7b,7b_replica_2,2,ok,hazard,40,True,False,0.06586041301488876,0.03835397586226463,0.007952016312628984,1.8638784559443593,0.00019120005890727043,1.976236061193049
7b,7b_replica_2,2,ok,safe,4,True,False,0.05848428001627326,0.03783622710034251,0.00796737615019083,0.9066590177826583,0.00011472916230559349,1.0110616302117705
7b,7b_replica_2,2,ok,hazard,39,True,False,0.06221362203359604,0.038503693882375956,0.007840919308364391,1.8339464999735355,0.0006109699606895447,1.9431157051585615
7b,7b_replica_2,2,ok,safe,4,True,False,0.06389051070436835,0.038239759393036366,0.00796916475519538,0.9070852678269148,0.00011600414291024208,1.0173007068224251
7b,7b_replica_2,2,ok,safe,4,True,False,0.06356471218168736,0.0378859150223434,0.007330957800149918,0.9065634249709547,0.00011464208364486694,1.0154596520587802
7b,7b_replica_2,2,ok,safe,4,True,False,0.05571739608421922,0.038983705919235945,0.008015739731490612,0.907737361267209,0.00011269515380263329,1.0105668981559575
7b,7b_replica_2,2,ok,hazard,27,True,False,0.059632173739373684,0.03762519406154752,0.007844001054763794,1.5178284361027181,0.00013247504830360413,1.6230622800067067
7b,7b_replica_2,2,ok,safe,4,True,False,0.05898980610072613,0.037355284206569195,0.008046235889196396,0.9072888689115644,0.00012216391041874886,1.0118023590184748
7b,7b_replica_2,2,ok,safe,4,True,False,0.06307283556088805,0.04635229101404548,0.007973053026944399,0.9074108391068876,0.00011140387505292892,1.0249204225838184
7b,7b_replica_2,2,ok,safe,4,True,False,0.06368000200018287,0.053746382240206,0.007573980838060379,0.9092340511269867,0.00012056110426783562,1.0343549773097038
7b,7b_replica_2,2,ok,safe,4,True,False,0.05622965982183814,0.03686622902750969,0.008271574042737484,0.9077544878236949,0.0001126900315284729,1.0092346407473087
7b,7b_replica_2,2,ok,hazard,42,True,False,0.06710269814357162,0.037581647746264935,0.007884355261921883,1.9187168260104954,0.00015157414600253105,2.0314371013082564
7b,7b_replica_2,2,ok,safe,4,True,False,0.05874537816271186,0.03927732910960913,0.007968448102474213,0.9083726988174021,0.00011286605149507523,1.0144767202436924
7b,7b_replica_2,2,ok,safe,4,True,False,0.05890469904989004,0.03926344495266676,0.007939746137708426,0.9054892831481993,0.00011700671166181564,1.0117141800001264
7b,7b_replica_2,2,ok,safe,4,True,False,0.06610844610258937,0.038044001907110214,0.007893650326877832,0.9087046328932047,0.00011209072545170784,1.0208628219552338
7b,7b_replica_2,2,ok,hazard,40,True,False,0.06011965963989496,0.03954829694703221,0.007930735126137733,1.8597425138577819,0.00026319222524762154,1.9676043977960944
7b,7b_replica_2,2,ok,safe,4,True,False,0.06403505289927125,0.037753886077553034,0.008034948725253344,0.9087311699986458,0.00011473102495074272,1.0186697887256742
7b,7b_replica_2,2,ok,hazard,27,True,False,0.05962286377325654,0.03896325500681996,0.007884094025939703,1.516203423961997,0.00012909015640616417,1.6228027269244194
7b,7b_replica_2,2,ok,hazard,40,True,False,0.06353553105145693,0.038285419810563326,0.007970488164573908,1.8614450809545815,0.00015682494267821312,1.9713933449238539
7b,7b_replica_2,2,ok,safe,4,True,False,0.06345316022634506,0.03756006108596921,0.007407303899526596,0.9136612839065492,0.00011228909716010094,1.0221940982155502
7b,7b_replica_2,2,ok,hazard,39,True,False,0.056458896957337856,0.03828284703195095,0.007972287014126778,1.8332633427344263,0.0001516854390501976,1.936129059176892
7b,7b_replica_2,2,ok,safe,4,True,False,0.061778925359249115,0.038647586945444345,0.007789300754666328,0.907310196198523,0.00011827796697616577,1.015644287224859
7b,7b_replica_2,2,ok,safe,4,True,False,0.06358739407733083,0.04084496712312102,0.008696826174855232,0.9099441827274859,0.00011352589353919029,1.0231868959963322
7b,7b_replica_2,2,ok,safe,4,True,False,0.06665037060156465,0.03720482112839818,0.007813361939042807,0.9075848930515349,0.00011844001710414886,1.0193718867376447
7b,7b_replica_2,2,ok,safe,4,True,False,0.0652560880407691,0.037103050854057074,0.007838452234864235,0.9066544366069138,0.00012069800868630409,1.0169727257452905
7b,7b_replica_2,2,ok,safe,4,True,False,0.06312013510614634,0.0407763896510005,0.009315137285739183,0.9122865148819983,0.00011448096483945847,1.0256126578897238
7b,7b_replica_2,2,ok,hazard,46,True,False,0.06151505513116717,0.04030100395902991,0.0073482138104736805,2.022737307008356,0.0003561140038073063,2.132257693912834
7b,7b_replica_2,2,ok,safe,4,True,False,0.06311094295233488,0.04107098514214158,0.007955407723784447,0.9094385709613562,0.00013215001672506332,1.0217080567963421
7b,7b_replica_2,2,ok,safe,4,True,False,0.06521565467119217,0.04078144207596779,0.007488525006920099,0.9066857038997114,0.00011742720380425453,1.0202887528575957
7b,7b_replica_2,2,ok,hazard,39,True,False,0.061507411766797304,0.04096072679385543,0.00789289502426982,1.8339045690372586,0.00014115497469902039,1.9444067575968802
7b,7b_replica_2,2,ok,safe,4,True,False,0.06720873666927218,0.040831396356225014,0.008031660690903664,0.9087922032922506,0.00011635199189186096,1.0249803490005434
7b,7b_replica_2,2,ok,hazard,53,True,False,0.06272277841344476,0.03870036266744137,0.009726649150252342,2.2086867769248784,0.0003593098372220993,2.320195876993239
7b,7b_replica_2,2,ok,safe,4,True,False,0.06225352035835385,0.03778190864250064,0.007884673308581114,0.998934003058821,0.00013122288510203362,1.1069853282533586
7b,7b_replica_2,2,ok,safe,4,True,False,0.062445526011288166,0.03843941632658243,0.00793203292414546,0.9077254286967218,0.00011904304847121239,1.016661447007209
7b,7b_replica_2,2,ok,hazard,37,True,False,0.06393887102603912,0.03937032027170062,0.008144552819430828,1.784619770012796,0.0001296219415962696,1.8962031360715628
7b,7b_replica_2,2,ok,hazard,44,True,False,0.06468703504651785,0.03994318889454007,0.009710104204714298,1.967752248980105,0.00024869106709957123,2.0823412681929767
7b,7b_replica_2,2,ok,safe,4,True,False,0.06601585680618882,0.046000839211046696,0.00801988784223795,0.9090493060648441,0.00010844692587852478,1.0291943368501961
7b,7b_replica_2,2,ok,hazard,38,True,False,0.07227712497115135,0.03881848929449916,0.007937863003462553,1.810923672746867,0.00019163917750120163,1.9301487891934812
7b,7b_replica_2,2,ok,safe,4,True,False,0.059706779196858406,0.03910939209163189,0.008040437940508127,0.9131047180853784,0.0001223539002239704,1.0200836812146008
7b,7b_replica_2,2,ok,safe,4,True,False,0.06193715101107955,0.03885915083810687,0.007636819966137409,0.9062960599549115,0.0001175031065940857,1.0148466848768294
7b,7b_replica_2,2,ok,hazard,40,True,False,0.05734461219981313,0.03835916193202138,0.008092998061329126,1.8617099695838988,0.0002320823259651661,1.9657388241030276
7b,7b_replica_2,2,ok,safe,4,True,False,0.06150168599560857,0.03724803403019905,0.007558411918580532,0.9079573089256883,0.00012244703248143196,1.0143878879025578
7b,7b_replica_2,2,ok,safe,4,True,False,0.06590866995975375,0.038046276196837425,0.008006249088793993,0.9089532569050789,0.0001163179986178875,1.021030770149082
7b,7b_replica_2,2,ok,hazard,42,True,False,0.05505492119118571,0.038682419806718826,0.008043552283197641,1.9151044278405607,0.00024518975988030434,2.017130510881543
7b,7b_replica_2,2,ok,hazard,38,True,False,0.06609520222991705,0.03759587788954377,0.008073312696069479,1.8082356811501086,0.00020189816132187843,1.9202019721269608
7b,7b_replica_2,2,ok,hazard,40,True,False,0.05858889501541853,0.04000758519396186,0.008225584868341684,1.8602896272204816,0.00015893392264842987,1.9672706262208521
7b,7b_replica_2,2,ok,safe,4,True,False,0.061899207066744566,0.0377693111076951,0.007976085878908634,0.9064652412198484,0.00011943280696868896,1.0142292780801654
7b,7b_replica_2,2,ok,hazard,38,True,False,0.06822881288826466,0.037500967271625996,0.008127768989652395,1.810072273015976,0.00047548580914735794,1.9244053079746664
7b,7b_replica_2,2,ok,safe,4,True,False,0.06270597875118256,0.039430877193808556,0.00744651909917593,0.9077002359554172,0.0001176297664642334,1.0174012407660484
7b,7b_replica_2,2,ok,safe,4,True,False,0.06926138512790203,0.042942635249346495,0.00937276380136609,0.9072673139162362,0.00011361297219991684,1.0289577110670507
7b,7b_replica_2,2,ok,hazard,37,True,False,0.06359154125675559,0.04076079186052084,0.00807728385552764,1.7823144900612533,0.0001858551986515522,1.894929962232709
7b,7b_replica_2,2,ok,hazard,39,True,False,0.0648328373208642,0.04129176400601864,0.008059109095484018,1.8340029497630894,0.00020816409960389137,1.9483948242850602
7b,7b_replica_2,2,ok,safe,4,True,False,0.06326148379594088,0.03944015922024846,0.007552177179604769,0.9099340089596808,0.00011680088937282562,1.0203046300448477
7b,7b_replica_2,2,ok,safe,4,True,False,0.05941716395318508,0.03962313896045089,0.008008087053894997,0.9070598818361759,0.00011442834511399269,1.0142227001488209
7b,7b_replica_2,2,ok,safe,4,True,False,0.06041454989463091,0.03970172209665179,0.007914320100098848,0.9101769900880754,0.00011919206008315086,1.01832677423954
7b,7b_replica_2,2,ok,safe,4,True,False,0.06216016411781311,0.039707599207758904,0.00795501982793212,0.9078239160589874,0.00011978717520833015,1.0177664863876998
7b,7b_replica_2,2,ok,safe,4,True,False,0.05905507784336805,0.04011959210038185,0.008112036157399416,0.9103877209126949,0.00011068210005760193,1.0177851091139019
7b,7b_replica_2,2,ok,hazard,39,True,False,0.060654310043901205,0.04006032180041075,0.00793114397674799,1.8367404220625758,0.00018716789782047272,1.9455733657814562
7b,7b_replica_2,2,ok,safe,4,True,False,0.06329688476398587,0.04006163217127323,0.007930722087621689,0.9072515796869993,0.00011643022298812866,1.0186572489328682
7b,7b_replica_2,2,ok,safe,4,True,False,0.061624701134860516,0.040604238864034414,0.00796919921413064,0.9107806859537959,0.00011698715388774872,1.0210958123207092
7b,7b_replica_2,2,ok,hazard,53,True,False,0.06049449695274234,0.040816567838191986,0.007932926993817091,2.2107190070673823,0.0004372270777821541,2.320400225929916
7b,7b_replica_2,2,ok,hazard,38,True,False,0.06620569387450814,0.03896845085546374,0.00820837914943695,1.8068483849056065,0.000173098873347044,1.9204040076583624
7b,7b_replica_2,2,ok,safe,4,True,False,0.06263075722381473,0.08742441795766354,0.007990051992237568,0.909799933899194,0.00012534018605947495,1.0679705012589693
7b,7b_replica_2,2,ok,hazard,41,True,False,0.062171780969947577,0.0373330800794065,0.008380462881177664,1.8888936578296125,0.00023300806060433388,1.9970119898207486
7b,7b_replica_2,2,ok,safe,4,True,False,0.057565533090382814,0.039867464918643236,0.011161325965076685,0.9094938160851598,0.00017251493409276009,1.0182606549933553
7b,7b_replica_2,2,ok,hazard,46,True,False,0.05837443424388766,0.03925565863028169,0.008165883366018534,2.0223351125605404,0.0002823462709784508,2.1284134350717068
7b,7b_replica_2,2,ok,hazard,30,True,False,0.056378656066954136,0.037651210092008114,0.007669045124202967,1.5993088288232684,0.00013316096737980843,1.7011409010738134
7b,7b_replica_2,2,ok,safe,4,True,False,0.05323902564123273,0.03811927605420351,0.008176872041076422,0.9079697108827531,0.00011402321979403496,1.0076189078390598
7b,7b_replica_2,2,ok,safe,4,True,False,0.06228801794350147,0.04147776821628213,0.007782639004290104,0.9083254798315465,0.0001177317462861538,1.0199916367419064
7b,7b_replica_2,2,ok,hazard,47,True,False,0.0603909520432353,0.03840088890865445,0.008115611970424652,2.045651018153876,0.00029844092205166817,2.152856911998242
7b,7b_replica_2,2,ok,safe,4,True,False,0.062068584840744734,0.039812511298805475,0.008404829073697329,0.9059485197067261,0.0001116432249546051,1.0163460881449282
7b,7b_replica_2,2,ok,safe,4,True,False,0.0642945826984942,0.060897483956068754,0.009580497164279222,0.9226991250179708,0.00011632079258561134,1.0575880096293986
7b,7b_replica_2,2,ok,safe,4,True,False,0.06250845501199365,0.037819618824869394,0.007856009062379599,0.9059786470606923,0.00011302903294563293,1.0142757589928806
7b,7b_replica_2,2,ok,safe,4,True,False,0.06637156009674072,0.04007163876667619,0.008043739013373852,0.9065725579857826,0.00014110328629612923,1.0212005991488695
7b,7b_replica_2,2,ok,safe,4,True,False,0.058835983742028475,0.03815550124272704,0.008019020780920982,0.9981250399723649,0.00011361995711922646,1.1032491656951606
7b,7b_replica_2,2,ok,safe,4,True,False,0.06350594805553555,0.03802485717460513,0.007439339999109507,0.9128786171786487,0.0001194109208881855,1.021968173328787
7b,7b_replica_2,2,ok,hazard,45,True,False,0.06249619089066982,0.0378166688606143,0.00790859991684556,1.9939541020430624,0.00018897699192166328,2.102364538703114
7b,7b_replica_2,2,ok,hazard,47,True,False,0.05716831097379327,0.037670183926820755,0.008043376728892326,2.053590666037053,0.00023566000163555145,2.1567081976681948
7b,7b_replica_2,2,ok,hazard,37,True,False,0.05864057131111622,0.0383728020824492,0.007467383984476328,1.7799055059440434,0.0005579739809036255,1.8849442373029888
7b,7b_replica_2,2,ok,hazard,37,True,False,0.06514747114852071,0.03931563766673207,0.007953060325235128,1.7834797697141767,0.000636695884168148,1.8965326347388327
7b,7b_replica_2,2,ok,hazard,48,True,False,0.06564721511676908,0.03864712594076991,0.008016368374228477,2.071910660713911,0.00025388598442077637,2.1844752561300993
7b,7b_replica_2,2,ok,hazard,48,True,False,0.040969766676425934,0.03840523213148117,0.0074612959288060665,2.0741468123160303,0.00025463104248046875,2.161237738095224
7b,7b_replica_2,2,ok,hazard,37,True,False,0.05682633211836219,0.038945000153034925,0.008019280154258013,1.7824135557748377,0.0005912180058658123,1.8867953862063587
7b,7b_replica_2,2,ok,hazard,46,True,False,0.059827329125255346,0.03768099285662174,0.007985521107912064,2.022014794871211,0.000224290881305933,2.127732928842306
7b,7b_replica_2,2,ok,hazard,43,True,False,0.06324841314926744,0.0394304976798594,0.00798197602853179,1.9410774041898549,0.0001673419028520584,2.0519056329503655
7b,7b_replica_2,2,ok,hazard,41,True,False,0.05941471830010414,0.03696439880877733,0.007692559156566858,1.8855021349154413,0.0005641831085085869,1.9901379942893982
7b,7b_replica_2,2,ok,hazard,50,True,False,0.06265533063560724,0.038577774073928595,0.009897915180772543,2.12947781290859,0.0002363179810345173,2.2408451507799327
7b,7b_replica_2,2,ok,hazard,41,True,False,0.06121937092393637,0.03964196611195803,0.008042710833251476,1.8872266537509859,0.0006303442642092705,1.996761045884341
7b,7b_replica_2,2,ok,hazard,37,True,False,0.061984931118786335,0.03748233010992408,0.008105918765068054,1.782348947133869,0.000589391216635704,1.890511518344283
7b,7b_replica_2,2,ok,hazard,44,True,False,0.05559624498710036,0.04726726375520229,0.007808228023350239,1.9711494999937713,0.0001470590941607952,2.081968295853585
7b,7b_replica_2,2,ok,hazard,45,True,False,0.05973187368363142,0.040928255300968885,0.00799205107614398,1.9933500029146671,0.00024873996153473854,2.102250922936946
7b,7b_replica_2,2,ok,hazard,42,True,False,0.05929452599957585,0.04101488692685962,0.008386328350752592,1.9144964246079326,0.00021613622084259987,2.0234083021059632
7b,7b_replica_2,2,ok,hazard,51,True,False,0.05379521008580923,0.03992465790361166,0.00853290967643261,2.153092162217945,0.0002578841522336006,2.255602824036032
7b,7b_replica_2,2,ok,hazard,40,True,False,0.06765109905973077,0.03815955901518464,0.008204611949622631,1.8583684843033552,0.0005675028078258038,1.972951257135719
7b,7b_replica_2,2,ok,hazard,36,True,False,0.06372708594426513,0.038789096754044294,0.008581079076975584,1.758956409059465,0.0006700861267745495,1.8707237569615245
7b,7b_replica_2,2,ok,hazard,44,True,False,0.06406581122428179,0.0396098168566823,0.008645626250654459,1.966088054701686,0.00027637695893645287,2.078685685992241
7b,7b_replica_2,2,ok,hazard,45,True,False,0.054143778048455715,0.03983885981142521,0.008891195990145206,1.9922329909168184,0.0001664021983742714,2.095273226965219
7b,7b_replica_2,2,ok,hazard,38,True,False,0.060330352280288935,0.040280211716890335,0.008407569024711847,1.8059364799410105,0.00016748998314142227,1.915122102946043
7b,7b_replica_2,2,ok,hazard,51,True,False,0.05969372810795903,0.04307667491957545,0.00903770886361599,2.1523583331145346,0.00029860716313123703,2.2644650521688163
7b,7b_replica_2,2,ok,hazard,52,True,False,0.060191897209733725,0.03949972800910473,0.009075435809791088,2.1765665719285607,0.00030651316046714783,2.2856401461176574
7b,7b_replica_2,2,ok,hazard,44,True,False,0.061285130213946104,0.04097056109458208,0.008914930745959282,1.9657127801328897,0.00024243304505944252,2.0771258352324367
7b,7b_replica_2,2,ok,hazard,48,True,False,0.06233850494027138,0.040562917944043875,0.008754753042012453,2.071014734916389,0.0002542361617088318,2.1829251470044255
7b,7b_replica_2,2,ok,hazard,36,True,False,0.04966412717476487,0.0403290456160903,0.00889792013913393,1.7529350952245295,0.0004744678735733032,1.852300656028092
7b,7b_replica_2,2,ok,hazard,27,True,False,0.05795715702697635,0.039974489249289036,0.00868690200150013,1.5154306418262422,0.00013267714530229568,1.62218186724931
7b,7b_replica_2,2,ok,hazard,38,True,False,0.05701367696747184,0.040274293161928654,0.008544875774532557,1.8059560428373516,0.0005483673885464668,1.912337256129831
7b,7b_replica_2,2,ok,hazard,45,True,False,0.06085249688476324,0.03989807702600956,0.008638612926006317,1.990631155204028,0.00019465386867523193,2.1002149959094822
7b,7b_replica_2,2,ok,hazard,37,True,False,0.0641324957832694,0.03914350597187877,0.00867284694686532,1.7787229302339256,0.00014268793165683746,1.890814466867596
7b,7b_replica_2,2,ok,hazard,49,True,False,0.04620871786028147,0.039822479244321585,0.008434280753135681,2.0981908650137484,0.000323606189340353,2.1929799490608275
7b,7b_replica_2,2,ok,hazard,41,True,False,0.05764173390343785,0.03874944103881717,0.00841135298833251,1.8876130571588874,0.00015874207019805908,1.992574327159673
7b,7b_replica_2,2,ok,hazard,39,True,False,0.06809149030596018,0.039477675687521696,0.008292030077427626,1.8315587132237852,0.0006193970330059528,1.9480393063277006
7b,7b_replica_2,2,ok,safe,4,True,False,0.05911193136125803,0.03967680688947439,0.008912753779441118,0.9117282563820481,0.0001286226324737072,1.0195583710446954
7b,7b_replica_2,2,ok,hazard,49,True,False,0.061203263234347105,0.04003283055499196,0.008263456169515848,2.0964713459834456,0.0001714332029223442,2.206142329145223
7b,7b_replica_2,2,ok,hazard,42,True,False,0.059150243643671274,0.038948880042880774,0.008847515098750591,1.911781582981348,0.00022883713245391846,2.0189570588991046
7b,7b_replica_2,2,ok,safe,4,True,False,0.06638825172558427,0.03853459097445011,0.008495994843542576,0.9063435331918299,0.00011144112795591354,1.0198738118633628
7b,7b_replica_2,2,ok,hazard,50,True,False,0.058139686938375235,0.037934774067252874,0.008147209882736206,2.1224015280604362,0.0002824850380420685,2.2269056839868426
7b,7b_replica_2,2,ok,hazard,30,True,False,0.058445473201572895,0.03917465079575777,0.008417872246354818,1.6806157235987484,0.00012587802484631538,1.7867795978672802
7b,7b_replica_2,2,ok,hazard,56,True,False,0.060174976009875536,0.040469308849424124,0.008394474163651466,2.281461833976209,0.0003467169590294361,2.3908473099581897
7b,7b_replica_2,2,ok,hazard,47,True,False,0.06304940208792686,0.0389114017598331,0.008500521071255207,2.0413610599935055,0.0003071082755923271,2.152129493188113
7b,7b_replica_2,2,ok,hazard,41,True,False,0.05800300929695368,0.03867356572300196,0.008449639193713665,1.8852661191485822,0.00020477455109357834,1.990597107913345
7b,7b_replica_2,2,ok,hazard,35,True,False,0.05368254380300641,0.04064588714390993,0.008501715958118439,1.725155577994883,0.000620035920292139,1.82860576082021
7b,7b_replica_2,2,ok,hazard,40,True,False,0.06154815573245287,0.03942878730595112,0.008491398766636848,1.8573620030656457,0.000618938822299242,1.9674492836929858
7b,7b_replica_2,2,ok,hazard,52,True,False,0.06117581110447645,0.0384727418422699,0.008448319043964148,2.1741053950972855,0.00020763464272022247,2.2824099017307162
7b,7b_replica_2,2,ok,hazard,41,True,False,0.05895385565236211,0.03872328205034137,0.008564313407987356,1.883470124565065,0.0006345193833112717,1.990346095059067
7b,7b_replica_2,2,ok,hazard,48,True,False,0.06700438307598233,0.04087120294570923,0.008526678197085857,2.0679034078493714,0.00014127325266599655,2.184446945320815
7b,7b_replica_2,2,ok,hazard,53,True,False,0.0635598711669445,0.03881769301369786,0.008514074143022299,2.200324604753405,0.00026117218658328056,2.311477415263653
7b,7b_replica_2,2,ok,hazard,44,True,False,0.06471547903493047,0.04163355613127351,0.008440808858722448,1.9617032362148166,0.00013873958960175514,2.0766318198293447
7b,7b_replica_2,2,ok,hazard,43,True,False,0.06306201219558716,0.040761617943644524,0.008543355856090784,1.9364789561368525,0.00015055714175105095,2.048996499273926
7b,7b_replica_2,2,ok,hazard,37,True,False,0.06297295121476054,0.03916454780846834,0.00896231597289443,1.7780269063077867,0.0005115820094943047,1.8896383033134043
7b,7b_replica_2,2,ok,hazard,37,True,False,0.06372937420383096,0.039674058090895414,0.008376759011298418,1.7760491939261556,0.0005597979761660099,1.8883891832083464
7b,7b_replica_2,2,ok,hazard,45,True,False,0.06012696633115411,0.04018143191933632,0.008489411789923906,1.9892337219789624,0.00018239906057715416,2.098213931079954
7b,7b_replica_2,2,ok,hazard,45,True,False,0.06159948231652379,0.03994300775229931,0.00842606695368886,1.9896678649820387,0.00018259603530168533,2.0998190180398524
7b,7b_replica_2,2,ok,hazard,43,True,False,0.06066950410604477,0.04012024914845824,0.008430527057498693,1.936543698888272,0.0005842861719429493,2.0463482653722167
7b,7b_replica_2,2,ok,hazard,39,True,False,0.057040499057620764,0.040204075165092945,0.008399052079766989,1.8310002670623362,0.00059885298833251,1.9372427463531494
7b,7b_replica_2,2,ok,hazard,45,True,False,0.05062375729903579,0.03959391778334975,0.008402661886066198,1.9892774811014533,0.000177853275090456,2.0880756713449955
7b,7b_replica_2,2,ok,hazard,41,True,False,0.061801087111234665,0.039575220085680485,0.008384317625313997,1.8841594541445374,0.0006119520403444767,1.994532031007111
7b,7b_replica_2,2,ok,hazard,41,True,False,0.05769215524196625,0.039571737870574,0.008629532996565104,1.8843262838199735,0.0006484333425760269,1.9908681432716548
7b,7b_replica_2,2,ok,hazard,35,True,False,0.05993554415181279,0.03960821870714426,0.008408476132899523,1.7247998737730086,0.000603934284299612,1.8333560470491648
7b,7b_replica_2,2,ok,hazard,37,True,False,0.06263187155127525,0.04105447605252266,0.008429879322648048,1.7774194488301873,0.0006180359050631523,1.8901537116616964
7b,7b_replica_2,2,ok,hazard,37,True,False,0.056590668857097626,0.043283126782625914,0.008836538065224886,1.7785127218812704,0.0005245190113782883,1.8877475745975971
7b,7b_replica_2,2,ok,hazard,40,True,False,0.06644048308953643,0.04046993004158139,0.008416173048317432,1.8563794298097491,0.0005201459862291813,1.9722261619754136
7b,7b_replica_2,2,ok,hazard,34,True,False,0.058090363163501024,0.04113555420190096,0.008649405092000961,1.7010920005850494,0.0005321679636836052,1.809499491006136
7b,7b_replica_2,2,ok,hazard,45,True,False,0.05963740078732371,0.04083707835525274,0.008718987926840782,1.9892863100394607,0.0002307887189090252,2.098710565827787
7b,7b_replica_2,2,ok,hazard,35,True,False,0.0606412161141634,0.03953973110765219,0.008730774745345116,1.7254888559691608,0.0004905182868242264,1.8348910962231457
7b,7b_replica_2,2,ok,hazard,36,True,False,0.049542301800101995,0.03955366229638457,0.008531054016202688,1.7521692500449717,0.0005535506643354893,1.8503498188219965
7b,7b_replica_2,2,ok,hazard,55,True,False,0.05965961096808314,0.039460549131035805,0.008515756111592054,2.2545989607460797,0.00036659417673945427,2.36260147113353
7b,7b_replica_2,2,ok,hazard,46,True,False,0.06150004919618368,0.04000555584207177,0.008501044940203428,2.0180452093482018,0.0002710777334868908,2.1283229370601475
7b,7b_replica_2,2,ok,hazard,41,True,False,0.06698915082961321,0.03992578433826566,0.00833330163732171,1.889224799349904,0.0006100209429860115,2.0050830570980906
7b,7b_replica_2,2,ok,hazard,57,True,False,0.05868607107549906,0.04005768708884716,0.008493813686072826,2.3066261629574,0.0002857400104403496,2.4141494748182595
7b,7b_replica_2,2,ok,hazard,38,True,False,0.05987678421661258,0.041075760032981634,0.008302712813019753,1.8054523700848222,0.0004571867175400257,1.9151648138649762
7b,7b_replica_2,2,ok,hazard,35,True,False,0.06259760772809386,0.041262565180659294,0.00822470709681511,1.7262554746121168,0.0005609430372714996,1.8389012976549566
7b,7b_replica_2,2,ok,hazard,42,True,False,0.06374060362577438,0.04119060235098004,0.008220318704843521,1.9110151589848101,0.00016632117331027985,2.0243330048397183
7b,7b_replica_2,2,ok,hazard,35,True,False,0.06838240521028638,0.03905290458351374,0.00806962139904499,1.726486642844975,0.0005978569388389587,1.842589430976659
7b,7b_replica_2,2,ok,hazard,35,True,False,0.05916299996897578,0.039436849765479565,0.008454563096165657,1.7261823369190097,0.0005311998538672924,1.833767949603498
7b,7b_replica_2,2,ok,hazard,53,True,False,0.06147431302815676,0.03861387586221099,0.008368710987269878,2.200323678087443,0.0003297477960586548,2.3091103257611394
7b,7b_replica_2,2,ok,hazard,44,True,False,0.05952355405315757,0.04019367089495063,0.00852039223536849,1.963454598095268,0.00016958778724074364,2.0718618030659854
7b,7b_replica_2,2,ok,hazard,42,True,False,0.05809246329590678,0.03762529790401459,0.00813816487789154,1.9085190710611641,0.00019297422841191292,2.012567971367389
7b,7b_replica_2,2,ok,hazard,45,True,False,0.05994902504608035,0.04059810098260641,0.008432014845311642,1.9890304491855204,0.00024224398657679558,2.0982518340460956
7b,7b_replica_2,2,ok,hazard,38,True,False,0.061221673153340816,0.03987689269706607,0.008603467140346766,1.889134936966002,0.0006115799769759178,1.9994485499337316
7b,7b_replica_2,2,ok,hazard,42,True,False,0.05783127201721072,0.03842630377039313,0.008542957250028849,1.9090244276449084,0.00018099229782819748,2.0140059529803693
7b,7b_replica_2,2,ok,safe,4,True,False,0.06149086635559797,0.03768863761797547,0.008208833169192076,0.9062683172523975,0.00011936761438846588,1.0137760220095515
7b,7b_replica_2,2,ok,hazard,39,True,False,0.06210645008832216,0.03996266098693013,0.008350608870387077,1.8310699961148202,0.000574861653149128,1.9420645777136087
7b,7b_replica_2,2,ok,hazard,43,True,False,0.06758141191676259,0.03828254388645291,0.00852865632623434,1.9366656159982085,0.00016219867393374443,2.051220426801592
7b,7b_replica_2,2,ok,hazard,38,True,False,0.054233117029070854,0.038200578186661005,0.008237952832132578,1.8044870821759105,0.0005380366928875446,1.9056967669166625
7b,7b_replica_2,2,ok,hazard,43,True,False,0.06134401308372617,0.03842430282384157,0.008266516961157322,1.9375011031515896,0.00014313915744423866,2.045679075177759
7b,7b_replica_2,2,ok,hazard,35,True,False,0.0600000680424273,0.04100787919014692,0.008164551109075546,1.7238335898146033,0.0005442681722342968,1.8335503563284874
7b,7b_replica_2,2,ok,hazard,39,True,False,0.06084632175043225,0.04798221914097667,0.012237302958965302,1.8303515720181167,0.0005007591098546982,1.9519181749783456
7b,7b_replica_2,2,ok,hazard,53,True,False,0.06066802889108658,0.04198807384818792,0.009525132365524769,2.205675161909312,0.00014470983296632767,2.3180011068470776
7b,7b_replica_2,2,ok,hazard,37,True,False,0.06027894979342818,0.040535548236221075,0.008472336921840906,1.7797707756981254,0.0006021270528435707,1.889659737702459
7b,7b_replica_2,2,ok,hazard,38,True,False,0.06254694471135736,0.041566358879208565,0.008480426389724016,1.8038320546038449,0.0012782872654497623,1.9177040718495846
7b,7b_replica_2,2,ok,hazard,27,True,False,0.061349621042609215,0.0411088690161705,0.008305924013257027,1.513581208884716,0.00013019191101193428,1.6244758148677647
7b,7b_replica_2,2,ok,hazard,42,True,False,0.061800966039299965,0.04064204404130578,0.008457838091999292,1.9111441979184747,0.00020829914137721062,2.022253345232457
7b,7b_replica_2,2,ok,hazard,39,True,False,0.06706824991852045,0.03991909697651863,0.009535991121083498,1.8345395252108574,0.0001461976207792759,1.9512090608477592
7b,7b_replica_2,2,ok,hazard,40,True,False,0.06239720107987523,0.04075914388522506,0.008299303241074085,1.859381001908332,0.00019365688785910606,1.9710303070023656
7b,7b_replica_2,2,ok,hazard,44,True,False,0.06053808191791177,0.042436480056494474,0.008434932213276625,1.9657498099841177,0.0002261316403746605,2.0773854358121753
7b,7b_replica_2,2,ok,hazard,42,True,False,0.058018448762595654,0.039911664091050625,0.00863993214443326,1.9099380900152028,0.0001871366985142231,2.0166952717117965
7b,7b_replica_2,2,ok,hazard,30,True,False,0.0532734957523644,0.03933332720771432,0.00851130811497569,1.592405206989497,0.0001310347579419613,1.6936543728224933
7b,7b_replica_2,2,ok,hazard,27,True,False,0.05991559289395809,0.03883754322305322,0.008412824012339115,1.5122761591337621,0.0001292717643082142,1.6195713910274208
